patient_id,medications,history_days,scheduled_doses,observed_doses,taken_doses,missed_doses,late_doses,not_recorded_doses,evening_misses,weekend_misses,consecutive_missed_max,average_delay_hours,adherence_rate,support_risk
1,1,25,25,22,22,0,7,3,0,0,0,2.28,1.0,low
2,5,36,540,456,298,158,156,84,55,41,7,2.84,0.654,high
3,5,29,435,354,134,220,67,81,63,64,9,3.02,0.379,high
4,2,36,72,56,56,0,5,16,0,0,0,2.16,1.0,low
5,2,22,88,76,58,18,25,12,6,2,3,2.49,0.763,high
6,5,38,570,474,304,170,151,96,53,50,4,2.8,0.641,high
7,4,35,280,233,233,0,47,47,0,0,0,2.67,1.0,low
8,3,36,108,92,92,0,22,16,0,0,0,3.09,1.0,low
9,5,39,195,158,158,0,28,37,0,0,0,2.54,1.0,low
10,4,35,140,120,84,36,47,20,11,12,2,2.71,0.7,high
11,5,38,190,158,158,0,36,32,0,0,0,2.6,1.0,low
12,2,26,52,39,25,14,16,13,5,2,4,2.98,0.641,high
13,2,37,148,130,102,28,48,18,5,7,2,3.08,0.785,high
14,5,23,115,96,38,58,16,19,27,16,5,3.4,0.396,high
15,2,21,42,38,15,23,7,4,7,7,4,3.29,0.395,high
16,4,21,252,226,97,129,52,26,46,38,6,2.79,0.429,high
17,1,22,22,19,7,12,5,3,1,3,4,2.64,0.368,high
18,2,31,124,102,66,36,32,22,10,10,2,3.25,0.647,high
19,1,42,42,31,16,15,7,11,10,3,3,2.95,0.516,high
20,4,23,276,247,169,78,86,29,27,26,4,2.89,0.684,high
21,2,38,152,131,131,0,25,21,0,0,0,2.67,1.0,low
22,1,30,30,26,12,14,8,4,4,6,4,2.68,0.462,high
23,4,25,100,85,85,0,13,15,0,0,0,3.07,1.0,low
24,5,32,480,400,155,245,72,80,89,61,7,2.83,0.388,high
25,2,36,144,119,119,0,20,25,0,0,0,2.78,1.0,low
26,5,25,250,209,209,0,52,41,0,0,0,2.84,1.0,low
27,1,21,21,19,19,0,4,2,0,0,0,2.64,1.0,low
28,2,38,76,67,48,19,26,9,10,5,2,2.61,0.716,high
29,1,34,34,28,20,8,6,6,2,5,3,2.33,0.714,high
30,2,41,82,63,22,41,8,19,12,14,6,2.79,0.349,high
31,3,27,162,145,98,47,42,17,18,12,3,3.09,0.676,high
32,4,36,144,120,120,0,18,24,0,0,0,3.04,1.0,low
33,1,25,25,20,20,0,6,5,0,0,0,2.77,1.0,low
34,4,34,408,347,347,0,62,61,0,0,0,2.88,1.0,low
35,1,29,29,22,22,0,7,7,0,0,0,3.3,1.0,low
36,2,37,148,130,130,0,19,18,0,0,0,3.09,1.0,low
37,1,35,35,29,29,0,6,6,0,0,0,3.21,1.0,low
38,2,32,64,49,34,15,16,15,7,4,2,2.19,0.694,high
39,2,32,64,49,35,14,15,15,5,4,2,2.78,0.714,high
40,5,29,145,121,81,40,42,24,15,15,3,3.1,0.669,high
41,5,22,330,269,103,166,59,61,55,48,9,3.06,0.383,high
42,5,38,380,325,220,105,103,55,36,32,7,2.86,0.677,high
43,5,41,615,515,515,0,100,100,0,0,0,2.82,1.0,low
44,2,33,132,111,43,68,22,21,22,16,11,2.26,0.387,high
45,5,36,540,461,461,0,97,79,0,0,0,2.7,1.0,low
46,2,23,46,40,14,26,7,6,4,9,4,2.84,0.35,high
47,3,37,333,273,273,0,62,60,0,0,0,2.7,1.0,low
48,1,40,40,31,16,15,9,9,7,5,3,2.56,0.516,high
49,2,25,100,85,64,21,32,15,8,8,5,2.64,0.753,high
50,5,23,115,91,91,0,17,24,0,0,0,3.05,1.0,low
51,1,41,41,35,35,0,6,6,0,0,0,3.13,1.0,low
52,3,33,99,87,31,56,16,12,29,17,9,3.03,0.356,high
53,1,42,42,33,33,0,8,9,0,0,0,2.79,1.0,low
54,1,37,37,31,17,14,8,6,7,5,4,3.26,0.548,high
55,1,21,21,17,13,4,9,4,1,2,2,2.87,0.765,high
56,2,41,164,146,103,43,47,18,15,15,4,2.85,0.705,high
57,1,21,21,18,18,0,3,3,0,0,0,2.71,1.0,low
58,1,40,40,32,32,0,5,8,0,0,0,2.58,1.0,low
59,4,24,192,173,173,0,35,19,0,0,0,2.61,1.0,low
60,2,30,120,103,75,28,45,17,11,9,2,2.79,0.728,high
61,3,37,111,93,93,0,19,18,0,0,0,2.86,1.0,low
62,5,35,175,137,137,0,23,38,0,0,0,2.69,1.0,low
63,2,23,92,77,35,42,16,15,11,10,8,2.52,0.455,high
64,2,31,62,52,15,37,8,10,10,12,7,2.8,0.288,high
65,1,39,39,36,23,13,12,3,6,4,3,2.61,0.639,low
66,5,26,390,326,326,0,60,64,0,0,0,2.85,1.0,low
67,1,28,28,22,22,0,5,6,0,0,0,3.16,1.0,low
68,2,30,120,101,37,64,17,19,24,17,10,3.15,0.366,high
69,3,38,228,197,79,118,37,31,35,27,9,2.69,0.401,high
70,2,41,164,141,53,88,26,23,28,25,6,2.79,0.376,high
71,3,36,216,187,76,111,33,29,35,30,10,3.17,0.406,high
72,5,28,420,345,345,0,63,75,0,0,0,2.67,1.0,low
73,5,41,205,181,125,56,57,24,24,14,3,2.78,0.691,high
74,4,30,360,285,285,0,67,75,0,0,0,2.86,1.0,low
75,4,29,232,195,195,0,45,37,0,0,0,2.97,1.0,low
76,5,35,525,439,171,268,83,86,95,73,9,3.13,0.39,high
77,1,32,32,29,22,7,8,3,4,3,3,2.62,0.759,medium
78,2,27,54,46,27,19,15,8,4,4,6,2.59,0.587,high
79,3,39,234,184,184,0,36,50,0,0,0,2.68,1.0,low
80,5,32,320,260,105,155,61,60,51,38,6,2.91,0.404,high
81,4,39,468,395,395,0,73,73,0,0,0,2.49,1.0,low
82,5,32,160,136,97,39,56,24,12,11,2,2.85,0.713,high
83,1,23,23,22,7,15,4,1,3,5,5,3.66,0.318,high
84,1,28,28,24,11,13,4,4,2,4,6,2.17,0.458,medium
85,4,39,468,395,395,0,87,73,0,0,0,2.87,1.0,low
86,2,37,148,125,80,45,37,23,16,12,4,2.58,0.64,high
87,2,22,88,65,24,41,13,23,11,8,5,2.83,0.369,high
88,1,28,28,23,15,8,10,5,2,4,2,2.97,0.652,medium
89,4,31,372,317,208,109,110,55,40,29,8,2.65,0.656,high
90,1,35,35,26,26,0,2,9,0,0,0,2.84,1.0,low
91,5,39,585,484,484,0,90,101,0,0,0,2.9,1.0,low
92,1,25,25,22,4,18,2,3,6,5,4,1.88,0.182,high
93,1,37,37,32,11,21,7,5,11,4,4,1.59,0.344,high
94,1,28,28,24,10,14,7,4,6,4,4,2.65,0.417,high
95,4,21,252,201,201,0,44,51,0,0,0,2.93,1.0,low
96,3,39,351,293,131,162,61,58,62,56,7,2.7,0.447,high
97,2,30,60,51,51,0,11,9,0,0,0,2.96,1.0,low
98,4,25,300,267,267,0,59,33,0,0,0,2.83,1.0,low
99,2,21,84,73,45,28,22,11,11,5,4,2.35,0.616,high
100,4,30,120,94,94,0,19,26,0,0,0,2.77,1.0,low
101,1,42,42,38,13,25,5,4,8,8,5,3.12,0.342,high
102,2,29,116,89,23,66,13,27,25,19,5,3.18,0.258,high
103,2,22,88,73,50,23,24,15,8,6,3,2.55,0.685,high
104,5,39,195,160,160,0,30,35,0,0,0,2.79,1.0,low
105,4,23,276,224,89,135,39,52,49,42,12,2.56,0.397,high
106,3,22,66,54,23,31,15,12,8,9,6,2.73,0.426,high
107,4,21,252,216,152,64,66,36,24,23,5,2.64,0.704,high
108,3,31,93,80,62,18,30,13,5,8,3,2.61,0.775,high
109,1,37,37,30,23,7,9,7,1,1,1,2.82,0.767,high
110,3,27,162,138,95,43,49,24,10,10,5,2.83,0.688,high
111,4,26,312,269,163,106,83,43,37,30,5,3.04,0.606,high
112,5,23,230,200,86,114,46,30,38,32,6,2.74,0.43,high
113,1,23,23,21,10,11,6,2,1,2,3,1.87,0.476,high
114,1,23,23,20,3,17,2,3,5,5,6,2.26,0.15,high
115,3,24,216,175,69,106,41,41,39,38,9,2.75,0.394,high
116,1,28,28,24,24,0,5,4,0,0,0,3.81,1.0,low
117,3,37,333,290,192,98,89,43,34,18,6,2.65,0.662,high
118,5,40,600,518,200,318,94,82,102,97,10,2.47,0.386,high
119,2,42,84,70,24,46,15,14,13,15,5,2.62,0.343,high
120,4,32,128,108,108,0,23,20,0,0,0,3.22,1.0,low
121,4,40,320,280,188,92,82,40,29,28,5,2.86,0.671,high
122,2,39,156,128,128,0,29,28,0,0,0,3.17,1.0,low
123,2,22,44,34,26,8,15,10,3,0,1,2.12,0.765,medium
124,4,39,156,126,97,29,37,30,14,8,2,2.75,0.77,high
125,1,39,39,36,24,12,9,3,3,4,2,2.49,0.667,medium
126,4,21,168,137,137,0,29,31,0,0,0,3.06,1.0,low
127,2,25,100,81,81,0,22,19,0,0,0,2.63,1.0,low
128,5,38,380,319,319,0,73,61,0,0,0,2.85,1.0,low
129,5,40,400,348,230,118,113,52,37,30,4,2.88,0.661,high
130,3,33,297,249,104,145,63,48,45,40,7,2.76,0.418,high
131,2,37,74,67,67,0,17,7,0,0,0,3.72,1.0,low
132,1,29,29,20,14,6,5,9,1,2,2,2.27,0.7,high
133,5,37,185,156,156,0,33,29,0,0,0,2.7,1.0,low
134,1,28,28,22,17,5,7,6,2,2,1,3.36,0.773,high
135,4,21,84,69,69,0,13,15,0,0,0,2.66,1.0,low
136,4,23,276,226,226,0,49,50,0,0,0,2.33,1.0,low
137,2,26,52,45,45,0,9,7,0,0,0,2.09,1.0,low
138,2,36,144,120,88,32,42,24,11,10,3,2.66,0.733,high
139,3,38,114,94,38,56,16,20,16,19,5,2.56,0.404,high
140,5,26,260,228,147,81,71,32,23,32,4,2.68,0.645,high
141,3,21,126,94,37,57,13,32,20,16,4,2.97,0.394,high
142,4,39,468,386,154,232,75,82,82,79,7,2.74,0.399,high
143,5,30,150,122,45,77,23,28,20,24,9,2.71,0.369,high
144,1,28,28,24,18,6,10,4,3,3,2,2.65,0.75,high
145,4,35,280,226,83,143,40,54,46,43,5,2.9,0.367,high
146,2,22,88,66,66,0,18,22,0,0,0,2.73,1.0,low
147,4,24,192,166,63,103,23,26,28,34,9,2.49,0.38,high
148,4,33,264,220,142,78,63,44,28,23,4,2.67,0.645,high
149,3,24,144,124,124,0,21,20,0,0,0,2.39,1.0,low
150,3,28,168,147,58,89,29,21,30,20,10,3.04,0.395,high
151,2,22,44,32,24,8,11,12,3,2,4,2.34,0.75,medium
152,5,32,320,255,95,160,49,65,51,40,6,2.93,0.373,high
153,1,39,39,36,11,25,6,3,5,5,7,3.64,0.306,high
154,1,40,40,37,25,12,13,3,6,2,4,3.44,0.676,medium
155,3,25,150,118,118,0,15,32,0,0,0,3.08,1.0,low
156,1,28,28,22,10,12,6,6,5,3,3,2.44,0.455,high
157,5,37,555,473,205,268,113,82,91,81,7,2.53,0.433,high
158,5,36,540,468,320,148,159,72,51,41,4,2.82,0.684,high
159,2,31,62,52,37,15,21,10,4,5,2,2.53,0.712,high
160,3,37,333,281,187,94,90,52,31,20,3,2.72,0.665,high
161,2,27,54,48,23,25,9,6,5,6,6,2.43,0.479,high
162,3,30,90,76,37,39,17,14,15,12,6,2.64,0.487,high
163,3,21,189,161,161,0,39,28,0,0,0,2.5,1.0,low
164,2,28,56,40,40,0,6,16,0,0,0,1.88,1.0,low
165,4,21,252,202,202,0,31,50,0,0,0,2.9,1.0,low
166,2,36,144,120,120,0,25,24,0,0,0,2.59,1.0,low
167,2,25,50,44,44,0,10,6,0,0,0,3.03,1.0,low
168,2,36,72,62,25,37,11,10,14,12,4,2.44,0.403,high
169,4,38,304,253,93,160,36,51,49,51,8,2.94,0.368,high
170,4,33,264,219,143,76,68,45,30,20,4,2.57,0.653,high
171,4,27,324,278,179,99,76,46,34,25,5,2.57,0.644,high
172,2,34,68,59,27,32,11,9,9,9,10,2.76,0.458,high
173,4,28,112,96,96,0,27,16,0,0,0,2.33,1.0,low
174,5,36,180,148,103,45,54,32,17,19,6,2.56,0.696,high
175,3,28,84,72,30,42,18,12,15,14,5,2.84,0.417,high
176,2,22,44,32,15,17,5,12,7,4,2,1.9,0.469,high
177,5,37,370,300,300,0,56,70,0,0,0,2.69,1.0,low
178,4,29,116,97,69,28,38,19,4,11,3,2.99,0.711,high
179,5,36,360,301,301,0,69,59,0,0,0,2.91,1.0,low
180,1,21,21,14,6,8,2,7,4,1,3,2.29,0.429,high
181,2,26,52,45,26,19,15,7,7,8,3,1.85,0.578,high
182,4,23,184,151,108,43,49,33,18,15,6,2.74,0.715,high
183,5,28,140,124,124,0,26,16,0,0,0,2.44,1.0,low
184,4,35,140,117,79,38,47,23,13,7,3,2.83,0.675,high
185,5,29,145,127,83,44,48,18,19,14,4,2.67,0.654,high
186,1,21,21,17,10,7,6,4,1,0,2,2.27,0.588,medium
187,1,26,26,23,7,16,3,3,4,6,3,4.23,0.304,high
188,1,30,30,25,18,7,6,5,1,1,2,3.24,0.72,high
189,1,35,35,29,15,14,8,6,4,2,3,2.74,0.517,medium
190,2,26,104,89,31,58,18,15,21,20,4,3.08,0.348,high
191,3,36,324,264,264,0,56,60,0,0,0,2.95,1.0,low
192,4,32,128,112,74,38,36,16,13,7,4,2.55,0.661,high
193,5,32,160,124,57,67,28,36,17,17,4,2.67,0.46,high
194,4,28,336,282,102,180,58,54,58,44,9,2.67,0.362,high
195,5,21,105,83,54,29,32,22,8,10,7,3.1,0.651,high
196,3,21,126,109,109,0,22,17,0,0,0,2.76,1.0,low
197,3,39,351,291,291,0,53,60,0,0,0,3.02,1.0,low
198,1,34,34,26,10,16,8,8,5,5,3,2.61,0.385,high
199,5,22,110,91,91,0,18,19,0,0,0,2.72,1.0,low
200,2,28,112,96,96,0,26,16,0,0,0,2.6,1.0,low
201,5,40,200,176,119,57,61,24,25,13,4,2.86,0.676,high
202,1,40,40,33,25,8,9,7,2,2,2,2.21,0.758,high
203,3,21,63,57,57,0,16,6,0,0,0,2.13,1.0,low
204,4,35,280,231,79,152,36,49,46,44,9,2.67,0.342,high
205,3,31,93,81,37,44,19,12,14,12,5,2.88,0.457,high
206,3,25,225,181,75,106,41,44,34,33,6,2.26,0.414,high
207,5,37,555,460,179,281,93,95,93,72,8,2.79,0.389,high
208,4,31,248,207,86,121,48,41,37,31,5,2.77,0.415,high
209,2,38,152,138,53,85,28,14,23,26,7,2.35,0.384,high
210,4,41,164,131,131,0,23,33,0,0,0,2.58,1.0,low
211,5,41,410,348,348,0,75,62,0,0,0,3.11,1.0,low
212,4,24,192,160,160,0,22,32,0,0,0,2.94,1.0,low
213,4,37,148,119,119,0,27,29,0,0,0,2.67,1.0,low
214,3,34,204,171,116,55,54,33,15,15,4,2.76,0.678,high
215,2,21,84,74,74,0,13,10,0,0,0,2.52,1.0,low
216,1,37,37,35,28,7,18,2,2,1,2,3.01,0.8,medium
217,4,39,468,406,257,149,132,62,45,50,5,2.56,0.633,high
218,1,28,28,24,24,0,5,4,0,0,0,2.9,1.0,low
219,1,35,35,32,22,10,10,3,2,2,3,3.0,0.688,high
220,1,26,26,24,16,8,7,2,4,2,2,2.6,0.667,low
221,1,32,32,27,27,0,6,5,0,0,0,3.72,1.0,low
222,5,23,115,96,96,0,11,19,0,0,0,2.38,1.0,low
223,4,22,176,148,148,0,28,28,0,0,0,2.92,1.0,low
224,2,28,112,95,95,0,14,17,0,0,0,2.67,1.0,low
225,2,34,68,64,64,0,17,4,0,0,0,2.88,1.0,low
226,2,21,42,38,38,0,9,4,0,0,0,2.72,1.0,low
227,3,35,105,86,62,24,26,19,7,8,2,2.98,0.721,high
228,5,26,260,216,216,0,47,44,0,0,0,2.51,1.0,low
229,1,42,42,35,20,15,10,7,6,4,3,2.47,0.571,high
230,2,42,168,141,141,0,28,27,0,0,0,3.08,1.0,low
231,5,41,205,168,168,0,38,37,0,0,0,2.72,1.0,low
232,5,21,105,81,53,28,28,24,6,7,3,2.26,0.654,high
233,1,21,21,14,7,7,3,7,2,0,2,3.12,0.5,high
234,2,39,78,66,26,40,17,12,15,10,4,2.79,0.394,high
235,2,36,72,59,24,35,7,13,12,12,6,2.89,0.407,high
236,5,37,185,157,157,0,37,28,0,0,0,2.97,1.0,low
237,3,22,198,157,101,56,53,41,16,19,4,2.9,0.643,high
238,2,25,100,85,47,38,16,15,14,15,3,2.69,0.553,high
239,4,42,168,141,93,48,46,27,18,17,3,2.82,0.66,high
240,1,35,35,28,28,0,5,7,0,0,0,3.06,1.0,low
241,4,24,192,157,157,0,29,35,0,0,0,2.53,1.0,low
242,4,32,256,213,134,79,75,43,23,23,7,2.92,0.629,high
243,2,41,82,68,68,0,15,14,0,0,0,3.01,1.0,low
244,5,28,420,357,238,119,120,63,35,34,6,2.75,0.667,high
245,1,23,23,20,20,0,4,3,0,0,0,2.26,1.0,low
246,3,21,126,113,81,32,43,13,10,14,4,2.9,0.717,high
247,1,39,39,34,34,0,6,5,0,0,0,2.38,1.0,low
248,4,41,164,149,106,43,52,15,15,13,4,2.85,0.711,high
249,3,36,324,280,113,167,56,44,43,46,7,2.61,0.404,high
250,3,22,198,162,162,0,29,36,0,0,0,2.82,1.0,low
251,4,33,264,221,221,0,40,43,0,0,0,2.45,1.0,low
252,1,42,42,36,6,30,4,6,9,8,10,2.1,0.167,high
253,3,22,198,174,111,63,52,24,21,18,4,2.69,0.638,high
254,5,21,315,268,188,80,85,47,20,21,4,2.72,0.701,high
255,2,26,104,86,31,55,19,18,22,18,6,2.46,0.36,high
256,5,21,105,92,92,0,23,13,0,0,0,2.33,1.0,low
257,4,42,168,140,140,0,30,28,0,0,0,2.68,1.0,low
258,5,38,190,162,162,0,19,28,0,0,0,2.37,1.0,low
259,2,24,96,79,28,51,12,17,18,12,9,2.77,0.354,high
260,1,21,21,20,12,8,4,1,4,2,3,3.46,0.6,medium
261,5,40,200,168,112,56,61,32,20,11,8,2.69,0.667,high
262,5,39,390,327,128,199,63,63,74,68,7,2.52,0.391,high
263,3,39,234,201,140,61,64,33,17,17,3,2.65,0.697,high
264,5,39,585,516,342,174,164,69,58,55,5,2.72,0.663,high
265,2,23,92,79,79,0,14,13,0,0,0,2.75,1.0,low
266,3,39,234,196,136,60,71,38,23,16,5,2.83,0.694,high
267,1,27,27,23,23,0,4,4,0,0,0,3.61,1.0,low
268,5,31,155,128,128,0,23,27,0,0,0,2.47,1.0,low
269,1,34,34,27,20,7,7,7,3,3,4,2.52,0.741,medium
270,4,36,144,124,124,0,20,20,0,0,0,2.87,1.0,low
271,3,32,192,162,113,49,65,30,17,11,3,2.97,0.698,high
272,1,23,23,16,10,6,6,7,1,2,2,2.26,0.625,high
273,4,26,208,183,127,56,63,25,15,17,4,2.66,0.694,high
274,5,35,525,449,189,260,101,76,92,86,8,2.84,0.421,high
275,5,25,125,109,47,62,25,16,21,19,9,3.39,0.431,high
276,3,25,225,184,184,0,39,41,0,0,0,2.8,1.0,low
277,4,31,124,102,53,49,31,22,20,11,3,2.3,0.52,high
278,5,26,260,214,90,124,36,46,36,35,7,2.77,0.421,high
279,4,21,168,143,63,80,32,25,32,24,6,2.76,0.441,high
280,5,24,120,104,72,32,33,16,7,10,2,2.59,0.692,high
281,4,24,96,77,35,42,17,19,16,9,5,2.74,0.455,high
282,4,41,492,416,168,248,81,76,90,73,13,2.86,0.404,high
283,1,42,42,33,33,0,8,9,0,0,0,2.67,1.0,low
284,3,21,63,53,44,9,25,10,2,2,1,2.78,0.83,high
285,5,37,185,158,107,51,57,27,17,15,4,2.47,0.677,high
286,2,41,82,76,29,47,14,6,20,14,6,2.1,0.382,high
287,3,37,111,99,63,36,34,12,14,9,5,2.81,0.636,high
288,1,22,22,20,14,6,7,2,2,2,1,2.38,0.7,high
289,3,41,123,103,103,0,18,20,0,0,0,2.44,1.0,low
290,4,28,112,94,39,55,17,18,18,15,6,2.75,0.415,high
291,4,27,108,92,46,46,18,16,13,16,4,2.54,0.5,high
292,2,21,42,39,29,10,17,3,2,3,2,2.69,0.744,high
293,1,23,23,20,9,11,4,3,4,3,3,3.13,0.45,high
294,5,34,340,285,285,0,58,55,0,0,0,2.8,1.0,low
295,1,33,33,26,16,10,5,7,2,3,3,3.24,0.615,high
296,2,30,60,49,49,0,11,11,0,0,0,2.99,1.0,low
297,3,39,351,299,202,97,101,52,36,37,5,2.96,0.676,high
298,3,38,228,201,139,62,67,27,21,15,4,2.84,0.692,high
299,3,28,252,208,208,0,38,44,0,0,0,2.51,1.0,low
300,3,27,162,140,92,48,45,22,16,15,4,2.93,0.657,high
301,1,35,35,28,14,14,6,7,5,4,3,3.07,0.5,medium
302,3,23,69,57,33,24,17,12,8,5,5,2.84,0.579,high
303,5,29,435,371,268,103,135,64,32,33,7,2.76,0.722,high
304,1,41,41,36,36,0,8,5,0,0,0,2.22,1.0,low
305,4,25,300,252,93,159,54,48,54,51,7,2.86,0.369,high
306,4,23,184,159,159,0,32,25,0,0,0,3.18,1.0,low
307,1,28,28,25,16,9,10,3,4,0,3,3.18,0.64,medium
308,3,35,210,177,69,108,28,33,30,30,5,2.73,0.39,high
309,1,23,23,20,20,0,4,3,0,0,0,2.55,1.0,low
310,3,40,360,314,205,109,109,46,40,35,6,2.57,0.653,high
311,1,37,37,34,14,20,4,3,5,4,5,3.06,0.412,high
312,2,30,60,54,35,19,21,6,5,4,5,3.35,0.648,high
313,4,30,360,299,118,181,53,61,62,44,7,2.69,0.395,high
314,2,23,92,76,76,0,12,16,0,0,0,2.71,1.0,low
315,5,31,310,247,247,0,40,63,0,0,0,2.87,1.0,low
316,4,25,300,248,248,0,58,52,0,0,0,2.37,1.0,low
317,5,21,105,87,87,0,21,18,0,0,0,2.53,1.0,low
318,3,32,96,81,36,45,16,15,16,12,5,2.87,0.444,high
319,2,32,64,57,57,0,12,7,0,0,0,2.44,1.0,low
320,4,23,92,78,36,42,13,14,12,10,6,2.86,0.462,high
321,3,41,123,97,37,60,16,26,18,15,5,2.57,0.381,high
322,4,26,104,85,85,0,18,19,0,0,0,2.61,1.0,low
323,5,37,370,298,179,119,105,72,38,33,7,2.85,0.601,high
324,4,37,148,122,122,0,21,26,0,0,0,2.27,1.0,low
325,4,38,152,120,46,74,21,32,23,21,7,3.0,0.383,high
326,4,30,240,205,131,74,53,35,24,19,4,3.16,0.639,high
327,4,41,164,147,147,0,32,17,0,0,0,3.35,1.0,low
328,4,32,256,214,214,0,49,42,0,0,0,2.67,1.0,low
329,2,37,148,127,127,0,27,21,0,0,0,3.11,1.0,low
330,2,25,100,83,30,53,14,17,17,14,8,2.58,0.361,high
331,2,38,152,123,123,0,23,29,0,0,0,2.69,1.0,low
332,5,37,555,464,464,0,86,91,0,0,0,2.86,1.0,low
333,1,41,41,34,13,21,7,7,10,5,4,3.6,0.382,high
334,3,32,96,80,80,0,15,16,0,0,0,3.21,1.0,low
335,2,32,128,108,69,39,31,20,10,12,3,2.61,0.639,high
336,2,25,50,36,28,8,9,14,0,1,2,2.11,0.778,high
337,5,25,125,105,45,60,23,20,23,16,6,2.72,0.429,high
338,2,22,88,80,47,33,28,8,13,7,5,2.79,0.588,high
339,3,22,66,54,21,33,12,12,15,10,5,3.51,0.389,high
340,2,27,54,49,19,30,13,5,7,9,4,2.88,0.388,high
341,3,39,234,191,138,53,64,43,10,12,5,2.72,0.723,high
342,5,40,600,513,336,177,176,87,59,69,4,2.78,0.655,high
343,5,26,130,115,80,35,41,15,13,9,3,2.5,0.696,high
344,1,32,32,26,8,18,4,6,4,5,4,1.93,0.308,high
345,2,40,160,132,56,76,30,28,23,27,8,3.06,0.424,high
346,4,26,312,257,257,0,43,55,0,0,0,2.47,1.0,low
347,2,21,84,72,29,43,13,12,12,15,4,2.66,0.403,high
348,4,23,276,236,236,0,46,40,0,0,0,3.0,1.0,low
349,1,21,21,19,19,0,3,2,0,0,0,2.35,1.0,low
350,5,32,320,266,107,159,48,54,62,36,5,2.79,0.402,high
351,1,28,28,24,24,0,6,4,0,0,0,1.62,1.0,low
352,5,32,480,395,175,220,81,85,68,45,8,2.91,0.443,high
353,1,28,28,26,13,13,4,2,6,4,3,2.9,0.5,high
354,4,22,264,224,224,0,37,40,0,0,0,2.7,1.0,low
355,1,36,36,27,27,0,3,9,0,0,0,2.84,1.0,low
356,1,29,29,23,23,0,5,6,0,0,0,3.14,1.0,low
357,3,24,144,124,52,72,27,20,28,22,6,2.98,0.419,high
358,4,28,336,293,188,105,96,43,36,27,4,2.97,0.642,high
359,3,30,90,68,35,33,16,22,12,10,4,2.82,0.515,high
360,3,27,162,144,57,87,28,18,34,25,6,2.65,0.396,high
361,3,32,288,248,175,73,83,40,30,17,4,3.06,0.706,high
362,2,26,104,85,33,52,17,19,10,16,5,2.58,0.388,high
363,4,22,176,143,57,86,34,33,28,19,7,3.25,0.399,high
364,3,39,117,96,96,0,18,21,0,0,0,2.46,1.0,low
365,5,21,210,180,116,64,65,30,28,20,4,2.67,0.644,high
366,1,39,39,34,29,5,17,5,2,2,1,2.71,0.853,medium
367,2,35,140,111,111,0,23,29,0,0,0,2.84,1.0,low
368,4,25,100,87,64,23,29,13,5,7,3,2.63,0.736,high
369,2,23,46,36,36,0,7,10,0,0,0,2.34,1.0,low
370,4,41,164,138,138,0,29,26,0,0,0,2.57,1.0,low
371,1,30,30,23,13,10,5,7,1,2,2,2.1,0.565,high
372,1,37,37,35,35,0,6,2,0,0,0,2.9,1.0,low
373,4,23,276,238,89,149,46,38,54,37,9,3.09,0.374,high
374,2,28,112,97,97,0,16,15,0,0,0,3.2,1.0,low
375,3,31,279,235,162,73,85,44,21,10,5,2.98,0.689,high
376,1,23,23,20,20,0,3,3,0,0,0,2.04,1.0,low
377,5,34,340,295,129,166,64,45,65,50,7,2.77,0.437,high
378,2,25,100,83,83,0,17,17,0,0,0,2.44,1.0,low
379,2,39,78,70,70,0,12,8,0,0,0,2.84,1.0,low
380,1,26,26,19,7,12,1,7,2,3,2,4.85,0.368,high
381,4,38,152,124,92,32,43,28,15,8,3,2.75,0.742,high
382,4,42,504,437,437,0,96,67,0,0,0,2.85,1.0,low
383,3,22,66,58,31,27,13,8,12,8,5,2.95,0.534,high
384,4,42,336,272,272,0,53,64,0,0,0,3.17,1.0,low
385,2,32,64,55,55,0,11,9,0,0,0,2.95,1.0,low
386,5,31,310,263,263,0,55,47,0,0,0,2.73,1.0,low
387,2,39,78,67,67,0,14,11,0,0,0,2.64,1.0,low
388,4,39,312,257,158,99,72,55,36,28,7,2.39,0.615,high
389,1,40,40,35,14,21,8,5,7,7,4,3.33,0.4,high
390,3,32,192,155,70,85,39,37,26,21,5,2.45,0.452,high
391,1,23,23,20,7,13,3,3,1,5,3,2.75,0.35,high
392,4,41,164,142,64,78,38,22,23,20,7,2.39,0.451,high
393,4,37,296,248,248,0,50,48,0,0,0,2.58,1.0,low
394,4,21,168,146,146,0,39,22,0,0,0,2.74,1.0,low
395,5,30,450,378,175,203,93,72,69,61,7,2.8,0.463,high
396,4,38,152,131,55,76,36,21,21,20,6,2.8,0.42,high
397,3,38,228,194,132,62,62,34,24,18,6,2.77,0.68,high
398,4,39,156,130,130,0,33,26,0,0,0,2.09,1.0,low
399,3,35,105,89,40,49,20,16,15,17,5,3.19,0.449,high
400,3,23,207,169,169,0,39,38,0,0,0,2.66,1.0,low
401,2,26,104,82,82,0,17,22,0,0,0,2.85,1.0,low
402,1,21,21,17,11,6,9,4,3,4,3,3.1,0.647,medium
403,1,28,28,27,27,0,2,1,0,0,0,2.96,1.0,low
404,2,39,156,131,131,0,32,25,0,0,0,2.92,1.0,low
405,3,36,324,280,280,0,65,44,0,0,0,2.62,1.0,low
406,5,38,190,156,156,0,39,34,0,0,0,2.74,1.0,low
407,2,38,152,135,135,0,37,17,0,0,0,2.72,1.0,low
408,4,23,184,157,107,50,56,27,15,10,3,2.71,0.682,high
409,2,35,140,123,123,0,25,17,0,0,0,2.46,1.0,low
410,3,38,342,280,280,0,56,62,0,0,0,2.68,1.0,low
411,5,22,330,280,280,0,67,50,0,0,0,2.79,1.0,low
412,3,39,351,285,108,177,62,66,58,59,9,2.82,0.379,high
413,5,33,330,276,190,86,100,54,35,21,3,3.03,0.688,high
414,4,35,280,240,162,78,72,40,27,24,3,2.61,0.675,high
415,2,28,56,50,50,0,11,6,0,0,0,3.07,1.0,low
416,5,38,380,320,320,0,46,60,0,0,0,2.46,1.0,low
417,3,36,108,97,35,62,16,11,20,17,6,2.85,0.361,high
418,5,25,125,100,100,0,23,25,0,0,0,2.89,1.0,low
419,4,29,348,286,120,166,59,62,59,49,6,2.5,0.42,high
420,1,34,34,28,10,18,2,6,4,6,8,1.77,0.357,high
421,3,31,279,228,228,0,54,51,0,0,0,2.62,1.0,low
422,1,35,35,28,12,16,8,7,5,5,5,2.05,0.429,medium
423,4,24,192,150,150,0,33,42,0,0,0,3.23,1.0,low
424,3,34,102,77,77,0,19,25,0,0,0,2.86,1.0,low
425,5,21,210,177,64,113,34,33,38,25,10,2.64,0.362,high
426,4,23,276,225,144,81,70,51,27,22,7,2.88,0.64,high
427,3,31,93,82,55,27,32,11,8,5,3,2.24,0.671,high
428,4,23,276,229,153,76,75,47,23,19,4,2.47,0.668,high
429,1,33,33,29,7,22,4,4,9,5,5,2.56,0.241,high
430,2,41,82,64,64,0,10,18,0,0,0,2.2,1.0,low
431,5,21,105,91,56,35,33,14,13,13,3,2.81,0.615,high
432,3,32,288,231,82,149,47,57,44,42,8,2.6,0.355,high
433,4,27,324,267,183,84,90,57,34,19,4,2.7,0.685,high
434,5,22,220,184,69,115,39,36,36,31,9,2.47,0.375,high
435,1,33,33,26,26,0,7,7,0,0,0,2.24,1.0,low
436,1,21,21,17,17,0,3,4,0,0,0,3.57,1.0,low
437,1,39,39,34,34,0,7,5,0,0,0,2.24,1.0,low
438,1,30,30,25,12,13,5,5,6,4,3,3.13,0.48,high
439,2,23,46,39,15,24,9,7,10,7,9,2.64,0.385,high
440,3,37,333,285,195,90,110,48,29,27,4,2.68,0.684,high
441,3,32,192,166,70,96,38,26,34,19,6,2.64,0.422,high
442,3,23,138,117,72,45,39,21,10,13,3,2.4,0.615,high
443,4,32,256,226,144,82,80,30,35,23,4,2.9,0.637,high
444,2,34,136,110,42,68,28,26,21,20,5,2.73,0.382,high
445,4,37,148,127,127,0,27,21,0,0,0,2.92,1.0,low
446,5,32,320,272,272,0,48,48,0,0,0,2.8,1.0,low
447,1,22,22,21,16,5,8,1,2,1,2,3.13,0.762,low
448,5,32,320,285,182,103,94,35,35,24,4,2.82,0.639,high
449,5,28,280,242,86,156,50,38,58,46,9,2.8,0.355,high
450,5,28,420,345,127,218,66,75,72,58,6,2.73,0.368,high
451,3,39,234,201,130,71,59,33,25,21,6,2.79,0.647,high
452,2,35,140,116,71,45,39,24,14,13,3,2.67,0.612,high
453,2,38,152,132,57,75,30,20,28,23,6,2.89,0.432,high
454,4,40,160,141,141,0,26,19,0,0,0,2.94,1.0,low
455,3,22,66,52,22,30,11,14,9,9,6,2.58,0.423,high
456,2,24,48,46,30,16,11,2,6,8,3,3.15,0.652,high
457,2,35,140,119,119,0,26,21,0,0,0,3.04,1.0,low
458,3,39,351,294,294,0,60,57,0,0,0,2.82,1.0,low
459,4,32,128,109,67,42,38,19,12,11,4,2.72,0.615,high
460,3,22,132,109,78,31,37,23,9,6,3,2.89,0.716,high
461,3,36,108,89,62,27,38,19,9,4,3,2.77,0.697,high
462,2,36,72,62,31,31,20,10,16,8,4,2.94,0.5,high
463,3,38,228,188,188,0,40,40,0,0,0,2.82,1.0,low
464,2,35,140,107,107,0,25,33,0,0,0,2.94,1.0,low
465,3,35,105,95,42,53,18,10,18,18,5,3.05,0.442,high
466,2,39,156,136,63,73,29,20,30,25,8,2.42,0.463,high
467,2,35,70,64,40,24,21,6,7,7,3,2.73,0.625,high
468,2,37,74,64,64,0,17,10,0,0,0,2.64,1.0,low
469,1,32,32,28,28,0,7,4,0,0,0,3.61,1.0,low
470,4,24,288,244,165,79,75,44,23,26,3,2.61,0.676,high
471,5,37,370,320,115,205,49,50,71,59,8,3.02,0.359,high
472,4,42,168,135,48,87,24,33,21,24,6,2.46,0.356,high
473,5,30,450,366,146,220,73,84,68,66,7,2.91,0.399,high
474,5,40,200,169,169,0,28,31,0,0,0,2.29,1.0,low
475,4,25,300,265,194,71,83,35,20,24,4,2.92,0.732,high
476,2,31,124,100,39,61,23,24,28,16,5,2.78,0.39,high
477,2,34,136,114,114,0,26,22,0,0,0,2.46,1.0,low
478,5,35,175,149,50,99,20,26,41,30,9,2.8,0.336,high
479,1,30,30,26,5,21,3,4,10,6,4,3.44,0.192,high
480,4,27,216,181,181,0,42,35,0,0,0,2.96,1.0,low
481,5,25,125,109,81,28,38,16,10,8,2,2.68,0.743,high
482,2,32,64,61,37,24,21,3,9,5,3,2.87,0.607,high
483,5,35,350,292,292,0,62,58,0,0,0,2.91,1.0,low
484,2,22,44,35,35,0,5,9,0,0,0,3.07,1.0,low
485,1,32,32,26,12,14,6,6,5,3,5,2.58,0.462,high
486,3,27,162,137,51,86,26,25,29,22,9,3.16,0.372,high
487,4,33,264,223,141,82,68,41,29,21,4,2.55,0.632,high
488,3,33,99,78,30,48,16,21,20,13,5,2.08,0.385,high
489,4,30,240,203,203,0,45,37,0,0,0,2.58,1.0,low
490,4,27,324,282,178,104,81,42,30,37,5,2.7,0.631,high
491,2,27,108,82,58,24,24,26,6,6,4,2.73,0.707,high
492,5,38,190,146,146,0,29,44,0,0,0,2.45,1.0,low
493,5,24,240,204,137,67,66,36,17,21,3,2.75,0.672,high
494,4,21,168,145,93,52,53,23,15,14,3,2.55,0.641,high
495,3,23,207,168,168,0,31,39,0,0,0,2.46,1.0,low
496,4,36,288,254,163,91,89,34,28,23,5,2.61,0.642,high
497,5,25,375,316,119,197,54,59,69,65,11,2.68,0.377,high
498,3,26,78,65,65,0,9,13,0,0,0,3.51,1.0,low
499,5,30,150,130,88,42,52,20,15,9,3,2.73,0.677,high
500,5,36,360,296,194,102,94,64,37,34,4,2.7,0.655,high
501,4,27,324,270,270,0,58,54,0,0,0,2.68,1.0,low
502,2,27,108,96,58,38,21,12,15,7,8,2.66,0.604,high
503,3,41,123,104,64,40,35,19,11,11,5,3.11,0.615,high
504,4,35,420,354,249,105,110,66,38,33,3,2.71,0.703,high
505,4,21,84,70,56,14,29,14,4,5,2,2.7,0.8,high
506,1,27,27,21,21,0,4,6,0,0,0,2.66,1.0,low
507,2,42,168,135,135,0,27,33,0,0,0,2.55,1.0,low
508,1,35,35,32,23,9,11,3,1,3,2,2.56,0.719,medium
509,1,21,21,20,14,6,8,1,2,2,3,2.6,0.7,medium
510,3,30,180,152,112,40,53,28,12,13,4,2.92,0.737,high
511,2,32,64,52,23,29,12,12,8,5,9,2.94,0.442,high
512,2,30,120,101,101,0,18,19,0,0,0,3.12,1.0,low
513,4,35,140,122,89,33,49,18,13,10,3,2.81,0.73,high
514,2,36,144,116,116,0,21,28,0,0,0,2.59,1.0,low
515,5,38,380,329,140,189,72,51,63,53,7,2.94,0.426,high
516,1,26,26,21,21,0,2,5,0,0,0,2.77,1.0,low
517,5,31,310,255,255,0,58,55,0,0,0,2.8,1.0,low
518,4,30,120,103,103,0,19,17,0,0,0,2.68,1.0,low
519,1,36,36,28,11,17,6,8,7,4,4,2.19,0.393,high
520,1,37,37,33,17,16,10,4,5,5,3,2.48,0.515,medium
521,3,23,138,114,114,0,26,24,0,0,0,2.85,1.0,low
522,2,25,50,42,28,14,13,8,4,8,2,2.7,0.667,high
523,1,35,35,27,20,7,9,8,7,3,1,2.44,0.741,medium
524,2,23,92,82,61,21,27,10,7,7,4,2.78,0.744,high
525,5,27,405,345,209,136,91,60,52,48,6,2.69,0.606,high
526,3,25,150,126,89,37,43,24,12,10,3,2.63,0.706,high
527,4,34,408,345,160,185,85,63,71,53,10,2.76,0.464,high
528,1,24,24,17,17,0,1,7,0,0,0,0.95,1.0,low
529,4,30,120,107,64,43,34,13,18,13,4,2.68,0.598,high
530,1,23,23,20,13,7,8,3,2,2,2,3.06,0.65,high
531,5,30,450,369,369,0,66,81,0,0,0,2.84,1.0,low
532,3,35,210,177,113,64,49,33,23,21,3,2.51,0.638,high
533,2,39,78,64,26,38,10,14,11,12,3,2.82,0.406,high
534,1,28,28,26,13,13,5,2,4,6,3,2.4,0.5,high
535,5,27,135,117,45,72,25,18,18,23,8,2.97,0.385,high
536,4,38,304,268,186,82,96,36,20,28,4,2.67,0.694,high
537,5,39,390,325,227,98,115,65,27,31,4,2.68,0.698,high
538,4,29,232,198,198,0,48,34,0,0,0,2.78,1.0,low
539,4,42,504,417,417,0,78,87,0,0,0,2.77,1.0,low
540,4,39,156,137,137,0,30,19,0,0,0,2.9,1.0,low
541,1,28,28,21,21,0,4,7,0,0,0,2.53,1.0,low
542,5,37,555,458,205,253,116,97,87,66,10,2.81,0.448,high
543,2,36,144,123,123,0,20,21,0,0,0,2.56,1.0,low
544,1,35,35,31,25,6,11,4,2,2,2,3.3,0.806,high
545,5,42,420,352,352,0,86,68,0,0,0,2.57,1.0,low
546,1,26,26,24,16,8,10,2,2,2,2,2.63,0.667,medium
547,5,39,390,326,213,113,118,64,47,33,4,2.65,0.653,high
548,2,37,74,64,64,0,19,10,0,0,0,3.0,1.0,low
549,5,32,320,275,172,103,87,45,35,23,4,3.11,0.625,high
550,5,35,525,421,421,0,91,104,0,0,0,2.65,1.0,low
551,4,42,168,140,140,0,28,28,0,0,0,2.55,1.0,low
552,5,30,300,239,102,137,46,61,45,46,6,2.72,0.427,high
553,1,34,34,31,31,0,10,3,0,0,0,3.4,1.0,low
554,3,28,168,147,49,98,27,21,29,31,6,3.17,0.333,high
555,4,28,224,189,118,71,55,35,26,19,4,2.62,0.624,high
556,3,27,162,135,93,42,48,27,15,12,4,3.17,0.689,high
557,5,40,600,516,344,172,171,84,63,44,6,2.87,0.667,high
558,2,36,144,122,122,0,23,22,0,0,0,3.22,1.0,low
559,4,33,132,110,84,26,38,22,12,9,3,2.77,0.764,high
560,1,28,28,27,27,0,4,1,0,0,0,2.36,1.0,low
561,2,25,50,43,27,16,12,7,4,6,5,3.57,0.628,high
562,4,39,312,266,266,0,47,46,0,0,0,2.82,1.0,low
563,1,32,32,23,9,14,3,9,4,5,3,3.63,0.391,high
564,2,32,128,107,44,63,20,21,27,13,5,3.19,0.411,high
565,4,41,328,274,274,0,48,54,0,0,0,2.63,1.0,low
566,3,28,84,68,42,26,18,16,7,8,4,2.86,0.618,high
567,4,30,240,213,128,85,64,27,33,21,8,2.53,0.601,high
568,3,23,69,58,58,0,6,11,0,0,0,2.84,1.0,low
569,3,38,342,295,112,183,61,47,59,52,9,2.65,0.38,high
570,1,22,22,19,7,12,5,3,3,2,4,2.77,0.368,high
571,5,29,290,242,106,136,52,48,52,44,6,2.6,0.438,high
572,4,28,336,287,287,0,44,49,0,0,0,2.7,1.0,low
573,5,33,330,273,273,0,52,57,0,0,0,2.69,1.0,low
574,5,38,570,464,180,284,95,106,99,95,8,2.86,0.388,high
575,1,25,25,21,6,15,5,4,6,4,5,2.27,0.286,high
576,1,37,37,29,22,7,13,8,2,1,1,3.18,0.759,low
577,5,21,105,89,39,50,20,16,15,14,5,2.31,0.438,high
578,1,35,35,26,18,8,9,9,2,1,3,3.08,0.692,medium
579,5,40,600,503,503,0,95,97,0,0,0,2.93,1.0,low
580,2,21,84,66,43,23,22,18,7,4,2,3.09,0.652,high
581,5,37,370,306,306,0,67,64,0,0,0,2.67,1.0,low
582,5,39,390,316,316,0,68,74,0,0,0,2.85,1.0,low
583,3,28,168,146,98,48,49,22,14,12,2,2.6,0.671,high
584,2,22,44,38,38,0,7,6,0,0,0,3.03,1.0,low
585,5,30,450,371,371,0,90,79,0,0,0,2.75,1.0,low
586,5,28,140,122,38,84,21,18,26,25,7,2.93,0.311,high
587,3,37,333,275,106,169,51,58,53,40,7,2.64,0.385,high
588,3,25,75,63,63,0,15,12,0,0,0,3.11,1.0,low
589,5,25,125,100,100,0,20,25,0,0,0,2.87,1.0,low
590,1,35,35,29,11,18,3,6,6,6,3,2.18,0.379,high
591,1,33,33,29,20,9,11,4,3,2,2,2.36,0.69,high
592,4,25,300,243,243,0,52,57,0,0,0,2.66,1.0,low
593,3,29,87,71,71,0,18,16,0,0,0,3.28,1.0,low
594,2,23,92,76,28,48,16,16,15,13,9,2.41,0.368,high
595,4,26,104,92,92,0,25,12,0,0,0,2.63,1.0,low
596,3,37,222,177,177,0,30,45,0,0,0,2.83,1.0,low
597,2,22,88,75,23,52,8,13,21,15,9,3.11,0.307,high
598,1,42,42,39,16,23,11,3,5,4,6,3.0,0.41,high
599,5,24,240,204,135,69,60,36,23,23,7,2.78,0.662,high
600,2,27,108,91,57,34,33,17,12,10,4,2.45,0.626,high
601,3,30,270,217,217,0,51,53,0,0,0,2.88,1.0,low
602,2,24,48,39,25,14,12,9,9,3,3,2.99,0.641,high
603,4,35,280,233,233,0,53,47,0,0,0,2.72,1.0,low
604,1,21,21,19,7,12,3,2,4,3,4,3.16,0.368,medium
605,4,28,336,282,180,102,97,54,29,27,4,2.68,0.638,high
606,2,37,148,118,118,0,16,30,0,0,0,2.88,1.0,low
607,5,35,525,444,444,0,85,81,0,0,0,2.65,1.0,low
608,1,39,39,35,15,20,10,4,8,4,4,2.8,0.429,high
609,4,29,232,197,197,0,42,35,0,0,0,2.57,1.0,low
610,4,37,444,375,375,0,71,69,0,0,0,2.64,1.0,low
611,2,24,96,73,73,0,14,23,0,0,0,2.69,1.0,low
612,4,23,184,159,159,0,24,25,0,0,0,3.19,1.0,low
613,2,21,84,73,55,18,31,11,7,6,2,2.7,0.753,high
614,3,25,225,190,125,65,58,35,23,17,3,2.59,0.658,high
615,1,31,31,26,10,16,10,5,3,4,3,3.26,0.385,high
616,3,29,261,233,233,0,53,28,0,0,0,2.44,1.0,low
617,5,26,260,218,76,142,37,42,44,41,7,2.46,0.349,high
618,2,41,164,138,64,74,34,26,26,22,8,2.67,0.464,high
619,2,25,50,40,40,0,11,10,0,0,0,3.01,1.0,low
620,4,23,276,233,149,84,73,43,36,25,4,2.58,0.639,high
621,4,34,136,107,107,0,17,29,0,0,0,2.97,1.0,low
622,2,41,164,137,137,0,29,27,0,0,0,2.54,1.0,low
623,4,28,224,178,115,63,58,46,18,24,4,2.76,0.646,high
624,1,32,32,29,20,9,8,3,4,2,2,2.54,0.69,high
625,2,33,66,54,54,0,18,12,0,0,0,2.48,1.0,low
626,5,39,195,169,114,55,57,26,18,17,4,2.56,0.675,high
627,5,26,390,347,221,126,113,43,37,27,8,2.93,0.637,high
628,3,25,150,128,128,0,32,22,0,0,0,2.85,1.0,low
629,4,34,408,352,242,110,114,56,29,39,3,2.68,0.688,high
630,5,25,250,212,139,73,71,38,20,22,4,2.85,0.656,high
631,4,40,160,141,62,79,28,19,25,23,7,2.89,0.44,high
632,3,40,120,96,72,24,34,24,7,9,3,2.64,0.75,high
633,1,22,22,17,17,0,5,5,0,0,0,3.77,1.0,low
634,4,21,168,143,94,49,46,25,20,16,6,2.86,0.657,high
635,1,41,41,35,22,13,14,6,2,3,2,2.79,0.629,medium
636,2,29,58,52,19,33,12,6,14,11,6,2.69,0.365,high
637,1,38,38,33,14,19,8,5,7,5,6,2.76,0.424,high
638,1,33,33,27,12,15,5,6,4,3,6,2.57,0.444,high
639,3,35,315,269,110,159,51,46,50,45,9,2.74,0.409,high
640,2,30,120,102,102,0,23,18,0,0,0,2.98,1.0,low
641,3,35,315,262,175,87,85,53,23,23,3,2.89,0.668,high
642,3,29,87,72,72,0,17,15,0,0,0,2.34,1.0,low
643,5,29,145,124,56,68,25,21,18,17,5,2.88,0.452,high
644,2,25,50,47,30,17,7,3,3,3,4,2.61,0.638,high
645,2,30,60,53,38,15,20,7,3,5,4,3.08,0.717,medium
646,3,25,150,132,94,38,45,18,12,15,2,2.64,0.712,high
647,1,30,30,27,4,23,1,3,11,6,11,4.13,0.148,high
648,5,21,105,85,85,0,12,20,0,0,0,2.27,1.0,low
649,1,37,37,31,25,6,10,6,1,1,1,2.13,0.806,medium
650,4,23,184,143,143,0,26,41,0,0,0,3.0,1.0,low
651,2,31,62,50,13,37,3,12,15,9,7,3.69,0.26,high
652,1,33,33,27,27,0,4,6,0,0,0,1.82,1.0,low
653,1,41,41,32,32,0,4,9,0,0,0,3.24,1.0,low
654,1,28,28,23,10,13,6,5,4,4,6,3.29,0.435,high
655,1,36,36,31,31,0,3,5,0,0,0,1.92,1.0,low
656,4,39,468,405,155,250,76,63,90,77,7,2.62,0.383,high
657,5,39,195,158,158,0,35,37,0,0,0,2.57,1.0,low
658,3,28,84,67,28,39,14,17,17,10,5,2.73,0.418,high
659,4,23,92,73,48,25,29,19,6,7,2,3.07,0.658,high
660,2,22,44,40,40,0,8,4,0,0,0,2.99,1.0,low
661,5,34,340,288,288,0,59,52,0,0,0,2.68,1.0,low
662,1,39,39,35,19,16,9,4,4,6,3,2.95,0.543,medium
663,2,27,54,42,18,24,12,12,5,7,7,2.45,0.429,high
664,4,40,160,139,139,0,28,21,0,0,0,2.97,1.0,low
665,1,41,41,35,22,13,14,6,6,4,2,3.35,0.629,medium
666,1,28,28,23,23,0,5,5,0,0,0,2.6,1.0,low
667,3,30,90,72,72,0,16,18,0,0,0,2.47,1.0,low
668,1,22,22,20,16,4,10,2,2,0,1,2.99,0.8,medium
669,1,35,35,28,16,12,11,7,3,5,6,2.95,0.571,medium
670,5,21,315,247,247,0,52,68,0,0,0,2.71,1.0,low
671,1,29,29,23,5,18,4,6,4,4,6,1.9,0.217,high
672,3,26,78,63,63,0,13,15,0,0,0,3.0,1.0,low
673,4,34,272,225,75,150,40,47,49,44,6,2.59,0.333,high
674,5,28,420,354,354,0,70,66,0,0,0,2.78,1.0,low
675,2,23,46,38,16,22,9,8,7,5,4,2.81,0.421,high
676,2,32,128,110,80,30,35,18,9,9,2,3.23,0.727,high
677,5,34,170,147,58,89,28,23,29,27,7,2.84,0.395,high
678,3,29,174,142,142,0,29,32,0,0,0,2.09,1.0,low
679,3,36,108,92,36,56,16,16,21,14,12,2.83,0.391,high
680,2,38,152,129,52,77,22,23,29,25,6,2.51,0.403,high
681,5,25,125,105,42,63,19,20,20,21,6,2.74,0.4,high
682,2,32,128,112,112,0,25,16,0,0,0,2.89,1.0,low
683,1,25,25,23,13,10,8,2,5,1,2,3.74,0.565,medium
684,1,21,21,20,13,7,5,1,2,2,2,1.89,0.65,low
685,5,41,410,338,338,0,81,72,0,0,0,2.77,1.0,low
686,5,32,320,266,266,0,59,54,0,0,0,2.74,1.0,low
687,2,42,84,67,27,40,14,17,14,11,5,3.19,0.403,high
688,2,39,156,138,90,48,49,18,13,15,3,2.93,0.652,high
689,5,22,330,271,122,149,58,59,50,42,8,2.79,0.45,high
690,1,36,36,30,20,10,12,6,4,2,3,2.33,0.667,medium
691,1,38,38,36,36,0,8,2,0,0,0,2.46,1.0,low
692,3,37,111,83,83,0,26,28,0,0,0,2.36,1.0,low
693,1,22,22,18,11,7,7,4,1,2,3,3.06,0.611,high
694,1,30,30,26,9,17,1,4,8,5,4,2.87,0.346,high
695,4,37,296,254,254,0,35,42,0,0,0,2.6,1.0,low
696,1,39,39,33,33,0,6,6,0,0,0,2.86,1.0,low
697,2,37,74,57,57,0,13,17,0,0,0,2.96,1.0,low
698,5,28,420,359,245,114,125,61,45,28,4,2.73,0.682,high
699,2,30,60,50,36,14,16,10,5,1,2,3.41,0.72,high
700,2,37,74,64,45,19,23,10,6,5,3,2.67,0.703,high
701,5,34,510,430,430,0,78,80,0,0,0,2.63,1.0,low
702,3,30,270,223,142,81,59,47,21,21,4,2.96,0.637,high
703,1,25,25,24,7,17,2,1,7,4,7,1.96,0.292,high
704,1,37,37,29,20,9,12,8,3,2,2,3.24,0.69,high
705,4,37,148,124,86,38,41,24,16,9,3,2.68,0.694,high
706,2,32,128,99,40,59,15,29,22,16,6,3.38,0.404,high
707,5,38,570,460,178,282,83,110,97,88,10,2.89,0.387,high
708,2,28,56,47,35,12,19,9,5,2,3,2.84,0.745,high
709,2,32,64,52,24,28,14,12,13,6,4,2.91,0.462,high
710,4,27,216,193,134,59,80,23,21,17,3,2.78,0.694,high
711,2,32,64,51,51,0,11,13,0,0,0,3.04,1.0,low
712,2,40,80,69,52,17,30,11,7,5,2,2.65,0.754,high
713,1,32,32,29,29,0,11,3,0,0,0,2.67,1.0,low
714,1,32,32,25,25,0,2,7,0,0,0,3.69,1.0,low
715,5,30,450,382,261,121,137,68,41,37,4,2.83,0.683,high
716,3,30,180,154,111,43,51,26,12,13,5,2.56,0.721,high
717,5,37,185,155,155,0,37,30,0,0,0,2.52,1.0,low
718,3,42,252,209,78,131,41,43,43,38,6,2.64,0.373,high
719,2,22,88,74,55,19,30,14,6,5,2,2.84,0.743,high
720,5,30,450,379,379,0,61,71,0,0,0,2.72,1.0,low
721,1,21,21,19,14,5,7,2,3,2,1,1.76,0.737,low
722,2,25,100,79,79,0,8,21,0,0,0,2.92,1.0,low
723,4,21,252,217,142,75,72,35,29,22,4,2.72,0.654,high
724,4,37,148,127,43,84,23,21,33,22,11,2.85,0.339,high
725,3,39,117,92,34,58,16,25,21,18,5,2.41,0.37,high
726,5,37,370,310,133,177,59,60,61,49,6,2.98,0.429,high
727,1,30,30,27,9,18,4,3,6,6,8,3.5,0.333,high
728,5,35,175,148,95,53,49,27,17,17,3,2.63,0.642,high
729,1,32,32,27,18,9,9,5,4,3,3,2.55,0.667,high
730,5,31,465,381,381,0,66,84,0,0,0,2.81,1.0,low
731,4,29,232,181,181,0,39,51,0,0,0,2.72,1.0,low
732,2,27,54,47,29,18,12,7,8,4,4,2.79,0.617,high
733,2,32,64,51,51,0,15,13,0,0,0,2.83,1.0,low
734,1,38,38,28,28,0,3,10,0,0,0,3.23,1.0,low
735,3,36,324,279,279,0,60,45,0,0,0,2.79,1.0,low
736,2,30,120,93,93,0,24,27,0,0,0,2.71,1.0,low
737,5,32,160,141,141,0,31,19,0,0,0,2.82,1.0,low
738,3,37,333,289,198,91,94,44,28,24,5,2.87,0.685,high
739,4,38,304,263,175,88,82,41,36,25,3,2.57,0.665,high
740,4,34,136,117,78,39,38,19,13,13,3,2.65,0.667,high
741,2,35,140,115,115,0,16,25,0,0,0,2.9,1.0,low
742,1,31,31,29,29,0,11,2,0,0,0,2.31,1.0,low
743,5,31,310,264,189,75,95,46,24,16,3,2.84,0.716,high
744,5,21,105,80,80,0,16,25,0,0,0,2.93,1.0,low
745,2,33,66,58,43,15,25,8,6,4,2,2.46,0.741,high
746,1,38,38,33,16,17,7,5,5,6,3,2.28,0.485,high
747,5,36,180,155,155,0,25,25,0,0,0,2.68,1.0,low
748,1,37,37,34,34,0,4,3,0,0,0,3.37,1.0,low
749,2,27,108,98,63,35,35,10,8,9,3,2.47,0.643,high
750,2,42,84,74,35,39,21,10,14,10,7,2.55,0.473,high
751,5,40,200,163,163,0,25,37,0,0,0,2.85,1.0,low
752,2,29,116,94,94,0,20,22,0,0,0,2.7,1.0,low
753,3,39,351,298,298,0,60,53,0,0,0,2.91,1.0,low
754,1,36,36,30,30,0,8,6,0,0,0,2.86,1.0,low
755,2,39,156,135,135,0,27,21,0,0,0,2.25,1.0,low
756,4,37,296,251,105,146,56,45,43,42,7,2.64,0.418,high
757,4,30,120,107,72,35,35,13,13,9,4,3.04,0.673,high
758,1,34,34,26,12,14,6,8,2,6,2,1.76,0.462,high
759,2,25,50,40,24,16,11,10,6,5,2,2.9,0.6,medium
760,5,31,465,399,144,255,77,66,86,64,9,3.05,0.361,high
761,2,25,100,86,86,0,16,14,0,0,0,2.65,1.0,low
762,3,39,117,104,72,32,39,13,10,13,4,2.93,0.692,high
763,5,37,370,308,188,120,85,62,39,39,5,2.64,0.61,high
764,5,27,270,220,220,0,37,50,0,0,0,2.51,1.0,low
765,3,30,90,78,25,53,9,12,20,15,6,3.02,0.321,high
766,4,27,216,176,68,108,34,40,38,31,11,2.14,0.386,high
767,4,39,468,396,396,0,80,72,0,0,0,2.56,1.0,low
768,1,40,40,32,22,10,7,8,4,5,5,1.94,0.688,medium
769,5,25,250,215,138,77,74,35,25,24,5,2.71,0.642,high
770,3,28,168,143,143,0,35,25,0,0,0,2.51,1.0,low
771,4,21,168,137,55,82,24,31,30,24,5,2.84,0.401,high
772,5,38,380,330,207,123,104,50,41,35,5,2.61,0.627,high
773,4,24,192,165,115,50,52,27,19,16,3,2.88,0.697,high
774,4,24,96,78,34,44,16,18,13,16,3,2.88,0.436,high
775,1,35,35,26,12,14,7,9,6,5,3,3.41,0.462,high
776,1,23,23,20,14,6,2,3,2,3,2,2.58,0.7,low
777,5,36,180,151,93,58,50,29,21,20,4,2.45,0.616,high
778,2,24,96,89,58,31,35,7,15,13,3,2.72,0.652,high
779,1,22,22,20,8,12,5,2,3,3,6,2.97,0.4,low
780,4,37,148,125,79,46,37,23,16,10,4,2.66,0.632,high
781,5,40,600,501,222,279,113,99,98,77,9,2.59,0.443,high
782,1,36,36,31,31,0,10,5,0,0,0,2.56,1.0,low
783,4,28,336,274,170,104,76,62,30,30,5,2.72,0.62,high
784,1,23,23,20,9,11,5,3,6,2,4,2.74,0.45,high
785,3,21,63,60,44,16,23,3,5,3,2,2.57,0.733,high
786,2,30,120,105,44,61,22,15,18,15,6,2.84,0.419,high
787,5,30,150,130,130,0,26,20,0,0,0,2.86,1.0,low
788,3,39,234,193,127,66,75,41,21,23,5,2.85,0.658,high
789,2,35,140,120,51,69,23,20,22,22,5,2.58,0.425,high
790,4,36,432,370,238,132,130,62,50,37,4,2.72,0.643,high
791,4,26,312,268,268,0,44,44,0,0,0,2.67,1.0,low
792,2,31,124,111,111,0,26,13,0,0,0,2.98,1.0,low
793,1,29,29,25,11,14,3,4,3,5,3,2.75,0.44,high
794,2,33,66,53,32,21,16,13,4,4,2,3.08,0.604,high
795,2,30,120,105,31,74,12,15,28,21,7,2.88,0.295,high
796,5,21,210,174,69,105,43,36,34,33,5,2.39,0.397,high
797,1,31,31,28,28,0,5,3,0,0,0,1.76,1.0,low
798,1,23,23,19,9,10,4,4,4,2,3,3.81,0.474,medium
799,1,28,28,22,22,0,3,6,0,0,0,3.66,1.0,low
800,3,27,243,200,86,114,46,43,43,32,8,2.96,0.43,high
801,1,29,29,25,25,0,8,4,0,0,0,3.04,1.0,low
802,3,30,180,154,106,48,59,26,17,16,2,2.96,0.688,high
803,1,39,39,33,33,0,10,6,0,0,0,2.4,1.0,low
804,3,21,189,153,53,100,26,36,36,30,6,2.45,0.346,high
805,2,39,78,70,52,18,24,8,6,3,2,2.23,0.743,high
806,2,21,42,33,33,0,6,9,0,0,0,3.3,1.0,low
807,1,36,36,29,5,24,2,7,9,8,7,2.94,0.172,high
808,3,21,189,152,152,0,39,37,0,0,0,2.87,1.0,low
809,5,27,135,113,113,0,23,22,0,0,0,2.73,1.0,low
810,1,22,22,22,22,0,3,0,0,0,0,3.23,1.0,low
811,4,25,300,259,178,81,102,41,22,29,3,2.7,0.687,high
812,3,33,99,84,30,54,14,15,24,16,8,3.28,0.357,high
813,3,25,75,66,44,22,22,9,4,7,3,2.61,0.667,high
814,4,27,108,91,91,0,16,17,0,0,0,2.22,1.0,low
815,1,28,28,23,23,0,6,5,0,0,0,3.33,1.0,low
816,2,35,70,56,23,33,14,14,7,7,6,2.39,0.411,high
817,4,33,264,222,80,142,26,42,54,42,5,2.56,0.36,high
818,1,42,42,38,28,10,12,4,2,3,2,2.58,0.737,high
819,3,25,225,190,190,0,44,35,0,0,0,3.02,1.0,low
820,5,39,585,491,491,0,97,94,0,0,0,2.67,1.0,low
821,4,32,384,321,128,193,69,63,60,44,6,2.91,0.399,high
822,2,24,48,40,40,0,8,8,0,0,0,3.06,1.0,low
823,4,42,504,436,303,133,154,68,43,31,4,2.82,0.695,high
824,5,40,200,173,103,70,53,27,18,20,4,3.02,0.595,high
825,3,21,63,52,22,30,10,11,7,6,7,3.32,0.423,high
826,5,38,570,488,210,278,112,82,95,83,8,2.85,0.43,high
827,1,32,32,22,22,0,2,10,0,0,0,2.74,1.0,low
828,1,32,32,26,11,15,6,6,5,5,4,3.51,0.423,high
829,2,27,108,94,41,53,23,14,14,20,5,2.63,0.436,high
830,2,28,56,50,19,31,11,6,12,10,5,3.12,0.38,high
831,3,21,189,159,159,0,32,30,0,0,0,2.97,1.0,low
832,4,28,112,95,64,31,35,17,11,9,2,2.84,0.674,high
833,4,38,304,257,257,0,45,47,0,0,0,2.78,1.0,low
834,2,39,78,70,27,43,15,8,15,14,6,2.34,0.386,high
835,4,41,328,275,196,79,99,53,30,23,3,2.61,0.713,high
836,1,40,40,33,33,0,13,7,0,0,0,2.66,1.0,low
837,5,21,315,254,254,0,43,61,0,0,0,2.89,1.0,low
838,1,34,34,31,8,23,4,3,9,6,7,3.82,0.258,high
839,2,33,66,50,32,18,19,16,4,4,5,2.81,0.64,high
840,3,29,87,67,49,18,23,20,7,7,2,2.63,0.731,high
841,3,39,117,97,56,41,30,20,14,9,5,2.75,0.577,high
842,5,37,370,299,111,188,59,71,65,50,7,2.71,0.371,high
843,1,21,21,19,9,10,6,2,6,2,2,2.89,0.474,high
844,1,28,28,20,12,8,7,8,3,3,3,2.88,0.6,high
845,1,35,35,28,14,14,8,7,6,3,4,1.95,0.5,high
846,3,24,144,135,81,54,34,9,20,20,4,2.53,0.6,high
847,3,26,78,68,45,23,26,10,12,7,4,3.44,0.662,high
848,1,22,22,19,10,9,6,3,2,3,2,2.9,0.526,high
849,1,35,35,27,27,0,3,8,0,0,0,1.32,1.0,low
850,5,27,135,112,76,36,43,23,12,10,3,2.57,0.679,high
851,2,31,62,52,31,21,10,10,7,7,3,2.37,0.596,high
852,5,28,140,111,77,34,40,29,12,7,3,2.55,0.694,high
853,4,23,276,234,234,0,37,42,0,0,0,2.55,1.0,low
854,1,22,22,17,17,0,2,5,0,0,0,3.36,1.0,low
855,1,21,21,20,11,9,4,1,2,1,2,2.17,0.55,high
856,1,21,21,18,7,11,2,3,8,3,2,3.64,0.389,high
857,1,28,28,23,8,15,4,5,6,6,6,2.48,0.348,high
858,1,32,32,23,17,6,7,9,3,2,2,2.45,0.739,medium
859,2,36,72,63,63,0,15,9,0,0,0,2.9,1.0,low
860,5,36,540,458,318,140,149,82,48,48,4,2.77,0.694,high
861,4,40,160,128,128,0,21,32,0,0,0,2.92,1.0,low
862,2,33,132,109,46,63,20,23,21,22,5,2.5,0.422,high
863,5,39,585,505,355,150,187,80,49,40,4,2.87,0.703,high
864,1,30,30,22,10,12,7,8,4,6,3,2.43,0.455,high
865,1,42,42,34,34,0,11,8,0,0,0,2.38,1.0,low
866,4,35,280,228,228,0,43,52,0,0,0,3.39,1.0,low
867,3,25,150,134,99,35,57,16,10,15,3,3.03,0.739,high
868,4,35,420,352,352,0,54,68,0,0,0,2.76,1.0,low
869,2,25,50,42,16,26,7,8,9,7,4,2.01,0.381,high
870,5,21,210,186,119,67,57,24,27,22,4,2.85,0.64,high
871,1,37,37,33,33,0,6,4,0,0,0,2.62,1.0,low
872,3,25,150,129,129,0,26,21,0,0,0,2.69,1.0,low
873,4,39,156,132,84,48,48,24,18,7,2,2.91,0.636,high
874,5,23,115,99,48,51,28,16,15,15,8,2.91,0.485,high
875,1,28,28,24,19,5,11,4,2,3,2,2.63,0.792,medium
876,2,41,164,133,97,36,51,31,10,10,3,2.66,0.729,high
877,3,24,216,174,69,105,32,42,38,31,10,2.31,0.397,high
878,1,36,36,29,29,0,3,7,0,0,0,2.56,1.0,low
879,2,27,54,43,17,26,9,11,9,7,4,2.67,0.395,high
880,3,24,216,177,63,114,26,39,39,39,9,2.79,0.356,high
881,1,23,23,22,15,7,9,1,3,2,2,3.34,0.682,high
882,1,41,41,37,18,19,6,4,6,6,5,2.95,0.486,high
883,1,35,35,31,12,19,4,4,8,7,5,2.09,0.387,high
884,3,24,72,63,63,0,14,9,0,0,0,2.63,1.0,low
885,3,35,210,181,181,0,33,29,0,0,0,3.27,1.0,low
886,1,21,21,18,11,7,5,3,1,1,2,2.49,0.611,high
887,3,29,261,220,144,76,74,41,26,24,3,2.72,0.655,high
888,2,25,100,85,85,0,15,15,0,0,0,2.88,1.0,low
889,1,24,24,20,14,6,9,4,2,2,2,2.85,0.7,medium
890,1,32,32,20,20,0,4,12,0,0,0,2.78,1.0,low
891,5,21,210,176,176,0,40,34,0,0,0,2.91,1.0,low
892,1,29,29,28,28,0,8,1,0,0,0,3.05,1.0,low
893,1,42,42,36,36,0,7,6,0,0,0,3.06,1.0,low
894,1,27,27,24,9,15,3,3,3,5,5,1.65,0.375,high
895,5,30,300,251,251,0,38,49,0,0,0,3.08,1.0,low
896,5,30,150,136,136,0,24,14,0,0,0,2.74,1.0,low
897,1,31,31,21,21,0,4,10,0,0,0,3.66,1.0,low
898,5,37,185,159,105,54,57,26,13,13,5,2.32,0.66,high
899,5,39,390,343,238,105,114,47,35,31,4,2.62,0.694,high
900,4,36,288,241,92,149,43,47,49,37,10,2.59,0.382,high
901,5,33,330,276,276,0,56,54,0,0,0,2.43,1.0,low
902,5,30,150,122,122,0,19,28,0,0,0,2.46,1.0,low
903,1,38,38,35,25,10,12,3,3,5,2,2.49,0.714,high
904,5,30,450,376,159,217,80,74,74,72,8,3.04,0.423,high
905,1,25,25,23,15,8,10,2,3,2,2,2.13,0.652,high
906,3,23,69,59,59,0,17,10,0,0,0,2.48,1.0,low
907,5,34,340,294,186,108,83,46,33,32,5,2.84,0.633,high
908,2,42,168,144,100,44,44,24,14,15,3,2.86,0.694,high
909,5,38,190,158,57,101,26,32,30,29,6,2.66,0.361,high
910,3,21,126,109,43,66,22,17,20,22,6,2.85,0.394,high
911,2,30,120,101,65,36,30,19,13,9,4,2.3,0.644,high
912,3,23,69,54,54,0,12,15,0,0,0,2.12,1.0,low
913,3,35,105,94,39,55,26,11,22,15,12,2.95,0.415,high
914,1,25,25,22,22,0,6,3,0,0,0,3.26,1.0,low
915,2,28,56,46,15,31,7,10,11,10,5,1.95,0.326,high
916,3,25,150,138,88,50,38,12,14,15,3,2.81,0.638,high
917,3,22,66,58,41,17,26,8,8,2,3,2.7,0.707,high
918,5,23,230,196,196,0,44,34,0,0,0,2.74,1.0,low
919,2,28,112,92,92,0,13,20,0,0,0,2.31,1.0,low
920,4,31,124,103,39,64,19,21,23,19,7,2.75,0.379,high
921,2,33,132,114,114,0,23,18,0,0,0,2.7,1.0,low
922,2,23,92,75,75,0,17,17,0,0,0,2.36,1.0,low
923,3,30,90,74,51,23,24,16,6,8,3,2.89,0.689,high
924,2,24,48,40,14,26,8,8,7,11,11,2.49,0.35,high
925,1,39,39,33,33,0,6,6,0,0,0,1.89,1.0,low
926,5,25,125,101,62,39,32,24,14,11,3,2.83,0.614,high
927,4,32,256,215,215,0,37,41,0,0,0,2.46,1.0,low
928,3,41,369,302,130,172,54,67,56,48,7,2.87,0.43,high
929,2,41,164,130,130,0,24,34,0,0,0,2.62,1.0,low
930,2,23,46,39,12,27,6,7,7,6,4,2.74,0.308,high
931,3,37,222,177,177,0,30,45,0,0,0,2.57,1.0,low
932,3,25,75,60,31,29,13,15,10,6,5,2.65,0.517,high
933,1,29,29,22,22,0,1,7,0,0,0,1.55,1.0,low
934,1,36,36,33,33,0,11,3,0,0,0,2.17,1.0,low
935,2,30,60,50,13,37,4,10,13,11,6,3.26,0.26,high
936,2,30,120,98,98,0,16,22,0,0,0,2.75,1.0,low
937,1,33,33,24,17,7,10,9,0,0,2,2.61,0.708,medium
938,3,37,111,98,67,31,28,13,9,10,3,2.62,0.684,high
939,4,22,88,67,23,44,14,21,20,12,6,2.87,0.343,high
940,4,31,372,313,207,106,118,59,38,29,4,2.8,0.661,high
941,3,27,162,134,134,0,30,28,0,0,0,2.31,1.0,low
942,4,28,336,279,279,0,56,57,0,0,0,3.04,1.0,low
943,3,25,150,127,74,53,29,23,20,15,4,2.37,0.583,high
944,5,41,410,339,339,0,63,71,0,0,0,2.87,1.0,low
945,1,30,30,27,10,17,4,3,6,5,7,1.11,0.37,high
946,4,34,136,115,115,0,23,21,0,0,0,2.94,1.0,low
947,4,39,468,389,389,0,79,79,0,0,0,2.87,1.0,low
948,1,35,35,31,17,14,8,4,4,4,2,2.59,0.548,medium
949,2,36,144,124,87,37,42,20,13,10,3,2.82,0.702,high
950,3,41,369,297,113,184,51,72,66,54,8,2.79,0.38,high
951,1,23,23,20,20,0,4,3,0,0,0,2.91,1.0,low
952,5,37,555,497,338,159,169,58,54,39,3,2.93,0.68,high
953,5,27,405,343,343,0,69,62,0,0,0,2.69,1.0,low
954,4,39,156,127,127,0,28,29,0,0,0,2.83,1.0,low
955,1,32,32,29,15,14,7,3,3,3,4,2.58,0.517,high
956,3,39,117,95,95,0,19,22,0,0,0,2.65,1.0,low
957,5,23,230,187,187,0,43,43,0,0,0,2.69,1.0,low
958,5,30,300,265,90,175,38,35,52,40,7,3.11,0.34,high
959,3,25,150,125,63,62,31,25,22,17,4,2.79,0.504,high
960,4,29,348,294,194,100,95,54,33,28,3,2.89,0.66,high
961,5,30,450,388,253,135,127,62,43,31,3,2.58,0.652,high
962,5,23,230,186,116,70,57,44,27,19,6,2.54,0.624,high
963,2,30,120,100,100,0,22,20,0,0,0,2.96,1.0,low
964,5,27,135,117,51,66,21,18,20,18,6,3.06,0.436,high
965,5,38,380,305,305,0,60,75,0,0,0,2.65,1.0,low
966,5,21,315,266,174,92,89,49,34,28,4,2.63,0.654,high
967,1,26,26,21,12,9,5,5,1,2,3,1.85,0.571,high
968,2,23,46,38,26,12,12,8,2,3,2,2.76,0.684,high
969,5,40,400,322,322,0,81,78,0,0,0,2.73,1.0,low
970,4,28,224,184,184,0,38,40,0,0,0,2.52,1.0,low
971,3,28,84,78,46,32,21,6,10,8,7,3.08,0.59,high
972,3,36,108,92,92,0,14,16,0,0,0,3.34,1.0,low
973,5,36,180,146,62,84,31,34,33,28,5,2.63,0.425,high
974,2,39,156,135,95,40,45,21,15,7,3,3.13,0.704,high
975,1,29,29,28,18,10,11,1,3,4,2,2.57,0.643,medium
976,1,35,35,32,32,0,6,3,0,0,0,2.45,1.0,low
977,4,32,128,113,75,38,37,15,12,10,3,2.55,0.664,high
978,3,21,63,51,51,0,12,12,0,0,0,2.71,1.0,low
979,1,36,36,33,33,0,6,3,0,0,0,3.01,1.0,low
980,1,32,32,28,13,15,2,4,5,3,3,2.5,0.464,high
981,3,29,87,74,48,26,21,13,9,5,3,2.92,0.649,high
982,2,21,42,38,38,0,8,4,0,0,0,3.35,1.0,low
983,4,25,100,83,83,0,21,17,0,0,0,2.68,1.0,low
984,5,31,155,133,94,39,44,22,13,6,6,2.96,0.707,high
985,2,36,72,63,45,18,18,9,6,5,2,2.82,0.714,high
986,5,40,400,340,242,98,132,60,27,27,3,2.82,0.712,high
987,2,32,64,52,35,17,14,12,8,3,2,2.45,0.673,high
988,2,31,124,112,77,35,31,12,11,5,2,3.2,0.688,high
989,2,35,70,61,38,23,22,9,10,3,3,2.99,0.623,high
990,1,40,40,31,31,0,7,9,0,0,0,2.94,1.0,low
991,1,29,29,26,26,0,4,3,0,0,0,2.97,1.0,low
992,3,22,132,112,47,65,21,20,22,22,6,2.31,0.42,high
993,3,35,315,277,169,108,79,38,44,26,5,2.63,0.61,high
994,2,32,128,102,37,65,20,26,19,15,6,2.77,0.363,high
995,5,21,105,91,91,0,17,14,0,0,0,2.56,1.0,low
996,5,24,360,295,94,201,43,65,62,69,12,2.78,0.319,high
997,1,37,37,32,15,17,5,5,4,5,4,2.16,0.469,medium
998,4,23,276,226,88,138,38,50,45,32,9,2.79,0.389,high
999,4,30,120,101,72,29,37,19,15,3,2,2.84,0.713,high
1000,5,37,555,463,196,267,104,92,86,71,9,2.79,0.423,high
1001,5,35,525,430,174,256,76,95,85,76,10,2.65,0.405,high
1002,2,39,78,67,42,25,21,11,10,9,3,2.59,0.627,high
1003,2,28,112,97,66,31,26,15,11,11,3,2.7,0.68,high
1004,2,37,148,127,56,71,25,21,28,14,11,2.6,0.441,high
1005,4,37,148,119,43,76,12,29,23,19,12,2.52,0.361,high
1006,4,30,360,304,304,0,56,56,0,0,0,2.75,1.0,low
1007,5,24,360,307,216,91,117,53,26,35,5,2.7,0.704,high
1008,4,22,88,71,44,27,19,17,7,6,2,2.29,0.62,high
1009,4,26,208,173,64,109,30,35,29,38,9,3.07,0.37,high
1010,5,23,230,186,75,111,37,44,40,34,7,2.45,0.403,high
1011,4,22,88,73,52,21,21,15,5,8,4,2.75,0.712,high
1012,1,32,32,28,18,10,9,4,4,2,3,2.87,0.643,high
1013,1,26,26,23,23,0,5,3,0,0,0,3.22,1.0,low
1014,3,30,90,73,73,0,13,17,0,0,0,2.74,1.0,low
1015,2,35,70,57,57,0,11,13,0,0,0,2.53,1.0,low
1016,3,21,63,54,24,30,12,9,11,11,4,3.2,0.444,high
1017,3,39,117,90,58,32,26,27,14,7,3,2.52,0.644,high
1018,1,32,32,26,13,13,8,6,1,4,3,2.18,0.5,high
1019,1,30,30,27,18,9,12,3,5,3,3,3.02,0.667,high
1020,1,26,26,23,10,13,4,3,4,5,4,2.33,0.435,high
1021,5,37,370,295,295,0,65,75,0,0,0,2.69,1.0,low
1022,5,39,195,166,109,57,54,29,17,15,3,2.74,0.657,high
1023,1,33,33,30,20,10,9,3,5,2,2,3.49,0.667,high
1024,2,36,144,111,41,70,12,33,22,17,6,2.52,0.369,high
1025,4,31,124,104,104,0,21,20,0,0,0,2.9,1.0,low
1026,5,28,420,361,141,220,81,59,69,56,11,2.83,0.391,high
1027,3,42,378,319,319,0,80,59,0,0,0,2.94,1.0,low
1028,3,29,87,76,76,0,20,11,0,0,0,3.0,1.0,low
1029,5,34,340,286,104,182,47,54,60,63,10,2.73,0.364,high
1030,2,29,58,48,35,13,19,10,3,3,2,2.75,0.729,high
1031,3,35,315,264,109,155,53,51,50,38,6,2.58,0.413,high
1032,2,31,124,110,78,32,39,14,10,11,4,2.52,0.709,high
1033,4,22,88,69,22,47,10,19,19,12,8,2.6,0.319,high
1034,2,21,42,36,36,0,4,6,0,0,0,2.91,1.0,low
1035,2,28,56,45,45,0,14,11,0,0,0,2.39,1.0,low
1036,4,31,124,104,68,36,40,20,11,6,3,2.5,0.654,high
1037,4,42,336,294,182,112,87,42,37,27,4,2.88,0.619,high
1038,2,35,140,113,43,70,18,27,27,20,5,3.2,0.381,high
1039,1,31,31,26,26,0,7,5,0,0,0,3.17,1.0,low
1040,2,25,100,89,56,33,38,11,14,12,6,2.59,0.629,high
1041,5,21,315,257,257,0,59,58,0,0,0,2.73,1.0,low
1042,1,33,33,28,18,10,12,5,3,2,2,2.83,0.643,medium
1043,4,28,112,93,93,0,18,19,0,0,0,3.48,1.0,low
1044,5,33,330,276,108,168,58,54,54,42,6,2.67,0.391,high
1045,2,24,96,80,80,0,17,16,0,0,0,3.35,1.0,low
1046,4,26,104,87,61,26,31,17,7,10,4,3.02,0.701,high
1047,5,23,115,96,96,0,25,19,0,0,0,2.62,1.0,low
1048,5,22,110,93,58,35,33,17,14,11,3,2.79,0.624,high
1049,4,33,396,355,242,113,115,41,41,34,3,2.89,0.682,high
1050,4,23,92,80,34,46,17,12,12,16,5,3.06,0.425,high
1051,3,37,111,92,36,56,15,19,17,13,5,2.76,0.391,high
1052,3,27,162,138,53,85,17,24,24,21,10,3.04,0.384,high
1053,4,35,140,113,36,77,12,27,29,22,11,2.3,0.319,high
1054,2,30,60,52,41,11,20,8,3,5,3,3.4,0.788,high
1055,3,37,222,179,179,0,36,43,0,0,0,2.64,1.0,low
1056,4,28,224,193,124,69,57,31,23,24,4,2.87,0.642,high
1057,4,42,168,134,134,0,20,34,0,0,0,2.37,1.0,low
1058,2,21,42,34,12,22,6,8,7,7,4,2.75,0.353,high
1059,2,21,42,33,33,0,4,9,0,0,0,2.96,1.0,low
1060,4,21,252,206,94,112,40,46,36,31,8,2.85,0.456,high
1061,5,25,375,309,309,0,68,66,0,0,0,2.78,1.0,low
1062,2,26,104,92,63,29,34,12,11,3,4,2.92,0.685,high
1063,1,32,32,24,10,14,5,8,8,5,2,3.48,0.417,medium
1064,1,41,41,33,16,17,8,8,9,5,3,3.38,0.485,high
1065,4,32,256,213,213,0,40,43,0,0,0,2.67,1.0,low
1066,1,32,32,25,25,0,6,7,0,0,0,2.15,1.0,low
1067,2,31,124,103,82,21,42,21,4,7,2,2.84,0.796,high
1068,2,32,64,54,36,18,16,10,6,5,3,3.23,0.667,medium
1069,5,38,570,470,172,298,88,100,105,91,7,2.72,0.366,high
1070,3,28,252,220,155,65,82,32,20,16,2,2.98,0.705,high
1071,3,24,144,125,125,0,24,19,0,0,0,2.62,1.0,low
1072,1,32,32,22,10,12,5,10,5,5,4,3.31,0.455,high
1073,5,23,115,97,65,32,35,18,11,12,3,2.62,0.67,high
1074,4,35,280,243,157,86,69,37,30,26,4,3.1,0.646,high
1075,4,31,124,105,105,0,23,19,0,0,0,3.13,1.0,low
1076,4,30,360,307,212,95,98,53,35,26,3,2.85,0.691,high
1077,2,38,76,63,41,22,24,13,4,5,2,2.96,0.651,high
1078,1,42,42,37,13,24,9,5,12,7,9,2.99,0.351,high
1079,2,27,108,87,31,56,16,21,21,11,10,3.15,0.356,high
1080,1,24,24,21,21,0,6,3,0,0,0,2.76,1.0,low
1081,3,32,288,244,244,0,60,44,0,0,0,2.95,1.0,low
1082,3,35,315,264,105,159,53,51,53,49,9,2.71,0.398,high
1083,3,31,279,228,103,125,51,51,44,36,6,2.76,0.452,high
1084,1,21,21,16,16,0,3,5,0,0,0,3.59,1.0,low
1085,5,25,125,106,106,0,22,19,0,0,0,2.41,1.0,low
1086,5,23,345,296,201,95,107,49,32,25,4,2.63,0.679,high
1087,2,41,164,137,94,43,49,27,16,14,3,2.72,0.686,high
1088,1,25,25,24,15,9,9,1,1,2,3,2.46,0.625,medium
1089,2,25,50,42,42,0,5,8,0,0,0,3.21,1.0,low
1090,4,35,280,237,237,0,51,43,0,0,0,2.83,1.0,low
1091,4,30,360,291,115,176,69,69,62,52,7,2.8,0.395,high
1092,1,34,34,26,26,0,4,8,0,0,0,3.16,1.0,low
1093,1,35,35,28,13,15,9,7,3,4,4,2.46,0.464,high
1094,5,21,210,180,72,108,37,30,34,35,8,2.82,0.4,high
1095,1,24,24,21,21,0,2,3,0,0,0,3.89,1.0,low
1096,3,24,144,125,80,45,42,19,13,14,5,2.47,0.64,high
1097,3,24,144,120,42,78,24,24,23,26,6,2.49,0.35,high
1098,1,40,40,33,25,8,9,7,3,2,1,1.79,0.758,high
1099,4,21,84,74,74,0,12,10,0,0,0,2.77,1.0,low
1100,3,21,63,50,32,18,21,13,5,4,3,2.83,0.64,high
1101,3,26,156,132,84,48,41,24,18,15,3,2.77,0.636,high
1102,5,28,280,233,233,0,44,47,0,0,0,2.37,1.0,low
1103,4,39,312,254,105,149,57,58,51,48,8,2.59,0.413,high
1104,1,32,32,29,29,0,8,3,0,0,0,2.66,1.0,low
1105,2,35,70,60,47,13,21,10,5,3,3,2.9,0.783,high
1106,4,21,252,210,210,0,41,42,0,0,0,2.63,1.0,low
1107,4,37,444,369,369,0,62,75,0,0,0,2.84,1.0,low
1108,5,35,350,291,291,0,55,59,0,0,0,2.92,1.0,low
1109,3,26,156,140,102,38,51,16,8,11,3,2.7,0.729,high
1110,4,26,208,180,66,114,35,28,36,33,8,3.02,0.367,high
1111,4,30,360,297,297,0,61,63,0,0,0,2.84,1.0,low
1112,3,23,69,60,44,16,18,9,6,4,2,2.78,0.733,high
1113,3,31,186,155,68,87,37,31,30,21,4,2.71,0.439,high
1114,4,36,144,116,116,0,19,28,0,0,0,2.63,1.0,low
1115,3,33,99,83,32,51,17,16,17,16,6,2.88,0.386,high
1116,2,30,120,89,43,46,21,31,13,15,5,3.17,0.483,high
1117,2,28,112,96,35,61,19,16,23,14,5,3.51,0.365,high
1118,1,21,21,20,13,7,7,1,2,1,4,2.95,0.65,high
1119,5,25,125,112,72,40,33,13,17,14,4,2.64,0.643,high
1120,5,32,480,391,391,0,81,89,0,0,0,2.71,1.0,low
1121,3,24,72,62,62,0,15,10,0,0,0,3.01,1.0,low
1122,5,30,300,249,249,0,53,51,0,0,0,2.54,1.0,low
1123,1,28,28,21,15,6,7,7,3,4,1,3.1,0.714,high
1124,4,33,396,332,221,111,110,64,34,37,5,2.37,0.666,high
1125,1,35,35,31,31,0,4,4,0,0,0,4.31,1.0,low
1126,2,32,64,51,17,34,12,13,15,8,9,3.18,0.333,high
1127,3,29,174,141,141,0,30,33,0,0,0,2.84,1.0,low
1128,5,33,495,416,416,0,92,79,0,0,0,2.9,1.0,low
1129,4,22,88,74,44,30,24,14,10,9,4,2.86,0.595,high
1130,1,37,37,34,18,16,9,3,7,5,4,3.21,0.529,medium
1131,1,32,32,26,26,0,5,6,0,0,0,2.35,1.0,low
1132,5,33,165,138,59,79,21,27,25,20,5,2.57,0.428,high
1133,1,31,31,26,10,16,3,5,3,4,4,3.46,0.385,high
1134,5,41,205,175,76,99,41,30,27,35,11,2.96,0.434,high
1135,1,32,32,25,19,6,6,7,3,2,2,2.32,0.76,high
1136,4,39,156,131,89,42,44,25,16,15,5,2.67,0.679,high
1137,4,27,108,96,56,40,25,12,15,12,4,2.19,0.583,high
1138,3,27,162,134,52,82,23,28,29,22,9,2.74,0.388,high
1139,4,41,164,139,139,0,26,25,0,0,0,2.43,1.0,low
1140,3,38,342,289,111,178,59,53,53,47,8,2.62,0.384,high
1141,1,37,37,32,15,17,11,5,5,6,3,2.77,0.469,high
1142,5,38,570,470,470,0,96,100,0,0,0,2.7,1.0,low
1143,1,31,31,26,10,16,6,5,5,3,5,2.96,0.385,high
1144,5,41,410,357,247,110,126,53,35,30,6,2.71,0.692,high
1145,3,32,288,237,161,76,81,51,25,20,4,2.77,0.679,high
1146,3,21,63,53,53,0,11,10,0,0,0,3.44,1.0,low
1147,2,23,92,78,25,53,16,14,22,19,6,2.54,0.321,high
1148,4,34,408,355,246,109,116,53,43,25,5,2.89,0.693,high
1149,2,29,116,89,89,0,15,27,0,0,0,2.5,1.0,low
1150,3,39,351,289,121,168,47,62,50,47,7,2.84,0.419,high
1151,4,21,168,143,143,0,24,25,0,0,0,3.02,1.0,low
1152,1,29,29,24,10,14,7,5,8,5,3,3.29,0.417,high
1153,1,37,37,34,23,11,12,3,6,3,3,2.48,0.676,high
1154,1,35,35,30,15,15,8,5,9,4,8,2.48,0.5,medium
1155,3,36,108,89,89,0,15,19,0,0,0,2.92,1.0,low
1156,3,31,93,83,52,31,31,10,9,9,4,2.66,0.627,high
1157,5,21,315,259,259,0,49,56,0,0,0,3.12,1.0,low
1158,4,32,384,322,212,110,101,62,42,29,4,2.76,0.658,high
1159,4,39,468,398,243,155,126,70,56,46,5,2.82,0.611,high
1160,3,21,63,55,37,18,23,8,4,5,3,3.13,0.673,high
1161,3,28,252,216,216,0,40,36,0,0,0,2.72,1.0,low
1162,4,42,168,132,57,75,33,36,30,23,4,2.72,0.432,high
1163,5,39,195,164,164,0,35,31,0,0,0,2.82,1.0,low
1164,1,33,33,25,25,0,3,8,0,0,0,3.42,1.0,low
1165,1,32,32,18,18,0,3,14,0,0,0,2.94,1.0,low
1166,3,35,315,280,171,109,78,35,41,30,4,2.82,0.611,high
1167,4,32,128,102,41,61,15,26,23,16,9,2.27,0.402,high
1168,4,29,348,297,204,93,108,51,24,32,4,2.75,0.687,high
1169,3,23,69,58,22,36,16,11,15,11,5,2.53,0.379,high
1170,2,39,156,134,134,0,20,22,0,0,0,2.84,1.0,low
1171,4,26,312,266,121,145,55,46,53,47,7,2.38,0.455,high
1172,4,37,148,121,121,0,22,27,0,0,0,2.47,1.0,low
1173,5,26,130,108,48,60,19,22,23,21,7,3.04,0.444,high
1174,1,30,30,22,16,6,9,8,1,3,2,2.79,0.727,medium
1175,1,39,39,36,36,0,8,3,0,0,0,3.09,1.0,low
1176,5,25,375,319,133,186,72,56,65,57,10,2.53,0.417,high
1177,3,38,228,193,129,64,55,35,25,18,2,2.61,0.668,high
1178,2,24,48,41,41,0,14,7,0,0,0,3.42,1.0,low
1179,3,26,156,135,92,43,49,21,14,15,5,2.8,0.681,high
1180,2,24,96,79,79,0,13,17,0,0,0,2.68,1.0,low
1181,5,37,555,484,317,167,167,71,63,56,5,2.77,0.655,high
1182,5,31,465,389,389,0,86,76,0,0,0,2.42,1.0,low
1183,3,33,297,249,108,141,54,48,55,34,7,2.68,0.434,high
1184,5,27,270,238,161,77,85,32,19,20,5,2.88,0.676,high
1185,4,25,300,251,106,145,51,49,49,50,6,2.82,0.422,high
1186,4,37,444,383,258,125,138,61,45,32,8,2.9,0.674,high
1187,2,21,84,73,32,41,18,11,13,14,4,2.29,0.438,high
1188,4,37,148,127,48,79,24,21,30,20,6,3.2,0.378,high
1189,2,22,44,37,37,0,9,7,0,0,0,2.96,1.0,low
1190,3,21,189,162,111,51,53,27,19,16,6,2.8,0.685,high
1191,1,39,39,36,14,22,7,3,8,7,6,3.33,0.389,high
1192,5,23,345,290,290,0,64,55,0,0,0,2.98,1.0,low
1193,1,32,32,27,22,5,15,5,1,1,1,3.03,0.815,medium
1194,4,33,264,219,91,128,48,45,43,34,7,3.02,0.416,high
1195,3,40,120,87,34,53,16,33,17,21,5,2.54,0.391,high
1196,1,30,30,24,18,6,9,6,1,0,3,3.47,0.75,medium
1197,4,23,276,237,141,96,68,39,32,24,4,3.02,0.595,high
1198,5,28,280,243,168,75,78,37,21,21,4,3.11,0.691,high
1199,2,36,144,120,48,72,24,24,20,20,8,3.09,0.4,high
1200,5,22,330,273,117,156,61,57,49,46,6,2.7,0.429,high
1201,1,30,30,24,5,19,3,6,8,5,4,1.84,0.208,high
1202,4,21,84,76,30,46,14,8,16,12,11,3.08,0.395,high
1203,3,40,360,305,305,0,57,55,0,0,0,2.9,1.0,low
1204,4,27,108,82,82,0,18,26,0,0,0,3.36,1.0,low
1205,1,37,37,29,29,0,6,8,0,0,0,2.21,1.0,low
1206,5,32,160,127,53,74,24,33,22,18,11,2.99,0.417,high
1207,4,28,224,182,182,0,38,42,0,0,0,2.49,1.0,low
1208,2,25,50,40,40,0,9,10,0,0,0,2.92,1.0,low
1209,2,24,96,82,32,50,17,14,21,12,5,2.71,0.39,high
1210,5,37,555,448,177,271,86,107,91,81,9,2.59,0.395,high
1211,1,25,25,23,23,0,4,2,0,0,0,2.25,1.0,low
1212,5,30,150,129,52,77,34,21,22,24,10,2.78,0.403,high
1213,1,35,35,30,23,7,11,5,4,4,2,2.33,0.767,medium
1214,2,25,100,87,87,0,11,13,0,0,0,2.57,1.0,low
1215,2,29,58,51,37,14,23,7,3,3,2,2.93,0.725,high
1216,3,36,324,263,87,176,39,61,56,42,7,2.9,0.331,high
1217,5,36,540,453,453,0,106,87,0,0,0,2.6,1.0,low
1218,4,27,324,273,273,0,54,51,0,0,0,2.73,1.0,low
1219,3,35,210,181,68,113,38,29,40,30,6,2.73,0.376,high
1220,2,32,64,56,24,32,14,8,10,7,4,2.99,0.429,high
1221,4,32,256,217,74,143,32,39,49,39,9,2.45,0.341,high
1222,2,32,128,104,104,0,16,24,0,0,0,2.09,1.0,low
1223,1,33,33,26,26,0,5,7,0,0,0,2.82,1.0,low
1224,4,39,468,379,140,239,61,89,80,70,8,3.03,0.369,high
1225,1,23,23,17,17,0,3,6,0,0,0,3.1,1.0,low
1226,4,41,164,126,91,35,44,38,12,15,4,2.55,0.722,high
1227,5,27,405,328,136,192,74,77,61,61,6,2.74,0.415,high
1228,4,38,456,365,365,0,82,91,0,0,0,2.72,1.0,low
1229,2,35,140,114,114,0,25,26,0,0,0,2.75,1.0,low
1230,4,41,328,273,106,167,57,55,52,46,7,2.47,0.388,high
1231,3,23,138,118,84,34,37,20,14,6,3,3.11,0.712,high
1232,4,36,432,374,148,226,77,58,60,63,13,2.71,0.396,high
1233,2,38,152,128,50,78,22,24,26,24,7,2.79,0.391,high
1234,5,31,310,258,184,74,84,52,21,21,3,2.73,0.713,high
1235,1,29,29,26,26,0,4,3,0,0,0,2.42,1.0,low
1236,5,28,280,234,157,77,87,46,27,23,5,2.85,0.671,high
1237,5,39,195,172,108,64,49,23,16,20,5,2.88,0.628,high
1238,4,32,384,330,330,0,70,54,0,0,0,3.09,1.0,low
1239,3,32,192,152,58,94,27,40,33,28,9,2.67,0.382,high
1240,4,38,152,127,127,0,15,25,0,0,0,2.97,1.0,low
1241,4,23,276,225,96,129,53,51,52,38,6,2.51,0.427,high
1242,2,27,108,91,91,0,13,17,0,0,0,2.61,1.0,low
1243,5,39,390,324,213,111,120,66,31,35,4,2.52,0.657,high
1244,3,25,75,62,62,0,11,13,0,0,0,2.7,1.0,low
1245,1,39,39,32,21,11,11,7,5,6,3,2.66,0.656,high
1246,4,22,176,154,99,55,49,22,18,16,4,2.75,0.643,high
1247,3,23,207,170,170,0,30,37,0,0,0,2.76,1.0,low
1248,3,37,222,179,72,107,28,43,38,26,7,2.34,0.402,high
1249,4,25,300,257,179,78,93,43,25,30,4,2.99,0.696,high
1250,4,28,112,95,62,33,33,17,12,11,3,2.41,0.653,high
1251,3,33,99,85,40,45,20,14,14,11,11,2.71,0.471,high
1252,5,24,360,312,102,210,49,48,70,65,13,2.3,0.327,high
1253,5,40,400,327,120,207,54,73,75,59,8,2.65,0.367,high
1254,3,40,240,198,198,0,40,42,0,0,0,2.74,1.0,low
1255,4,32,256,213,146,67,69,43,24,14,3,2.41,0.685,high
1256,5,21,315,252,161,91,71,63,41,28,4,2.91,0.639,high
1257,2,33,132,114,44,70,23,18,18,18,8,3.06,0.386,high
1258,2,27,54,51,20,31,7,3,11,10,5,3.57,0.392,high
1259,2,21,84,69,69,0,11,15,0,0,0,2.02,1.0,low
1260,4,38,304,263,184,79,98,41,27,20,3,2.77,0.7,high
1261,4,36,432,360,237,123,125,72,41,34,4,2.84,0.658,high
1262,1,32,32,27,27,0,13,5,0,0,0,2.18,1.0,low
1263,2,23,46,43,27,16,9,3,5,8,5,1.88,0.628,high
1264,5,24,360,306,126,180,62,54,60,58,6,2.6,0.412,high
1265,4,26,208,171,70,101,34,37,42,34,5,2.59,0.409,high
1266,5,40,600,493,336,157,169,107,52,47,4,2.72,0.682,high
1267,5,21,315,268,112,156,57,47,58,44,6,2.96,0.418,high
1268,5,23,230,190,126,64,67,40,21,16,3,2.78,0.663,high
1269,3,21,189,162,67,95,35,27,30,25,6,2.7,0.414,high
1270,4,42,336,273,273,0,58,63,0,0,0,2.81,1.0,low
1271,2,21,84,72,50,22,27,12,8,9,2,2.65,0.694,high
1272,3,37,111,90,34,56,20,21,20,13,7,2.86,0.378,high
1273,2,32,128,110,69,41,31,18,11,10,7,2.99,0.627,high
1274,1,35,35,27,8,19,4,8,6,6,4,2.7,0.296,high
1275,2,30,60,53,14,39,8,7,14,11,5,3.19,0.264,high
1276,2,21,42,38,13,25,9,4,10,6,5,2.85,0.342,high
1277,2,42,84,66,66,0,11,18,0,0,0,1.82,1.0,low
1278,4,21,84,63,43,20,24,21,7,6,3,2.84,0.683,high
1279,2,37,74,64,48,16,20,10,3,4,2,2.65,0.75,high
1280,3,28,252,222,145,77,75,30,26,18,4,2.74,0.653,high
1281,1,42,42,40,28,12,14,2,4,2,2,2.2,0.7,medium
1282,2,30,120,100,42,58,21,20,24,14,9,2.97,0.42,high
1283,5,22,110,95,58,37,25,15,13,10,3,2.89,0.611,high
1284,1,21,21,20,8,12,3,1,1,4,5,4.14,0.4,high
1285,2,32,128,111,74,37,34,17,15,11,3,2.64,0.667,high
1286,2,27,108,95,95,0,17,13,0,0,0,2.93,1.0,low
1287,2,40,80,69,38,31,22,11,13,7,4,2.87,0.551,high
1288,4,22,176,141,64,77,29,35,27,24,6,2.63,0.454,high
1289,2,42,168,150,101,49,46,18,19,12,4,2.98,0.673,high
1290,5,39,585,493,199,294,109,92,96,100,8,2.5,0.404,high
1291,4,32,384,314,314,0,71,70,0,0,0,2.43,1.0,low
1292,3,35,315,270,184,86,100,45,32,21,3,2.89,0.681,high
1293,3,36,108,86,59,27,30,22,11,2,3,2.85,0.686,high
1294,1,40,40,35,24,11,11,5,4,2,3,2.66,0.686,medium
1295,5,39,390,333,204,129,96,57,41,35,5,2.58,0.613,high
1296,2,24,48,41,41,0,9,7,0,0,0,3.13,1.0,low
1297,1,40,40,34,34,0,8,6,0,0,0,2.38,1.0,low
1298,5,30,300,245,245,0,52,55,0,0,0,3.02,1.0,low
1299,2,21,42,34,34,0,7,8,0,0,0,2.8,1.0,low
1300,2,25,50,46,28,18,10,4,4,2,3,2.96,0.609,medium
1301,1,21,21,20,14,6,6,1,4,3,2,2.55,0.7,medium
1302,3,30,180,151,151,0,31,29,0,0,0,2.76,1.0,low
1303,4,30,360,307,105,202,50,53,65,62,9,2.65,0.342,high
1304,3,25,150,131,131,0,25,19,0,0,0,2.67,1.0,low
1305,4,42,504,413,413,0,70,91,0,0,0,2.64,1.0,low
1306,1,24,24,19,15,4,7,5,3,1,3,3.5,0.789,medium
1307,1,37,37,33,25,8,13,4,1,3,2,2.48,0.758,medium
1308,4,37,444,370,151,219,86,74,71,53,6,2.66,0.408,high
1309,4,36,432,364,364,0,68,68,0,0,0,2.79,1.0,low
1310,2,24,48,46,30,16,16,2,10,7,2,3.12,0.652,medium
1311,2,32,64,54,35,19,15,10,6,5,4,2.34,0.648,high
1312,4,32,384,314,107,207,56,70,68,54,11,2.7,0.341,high
1313,4,23,184,156,63,93,29,28,28,31,8,2.25,0.404,high
1314,3,35,210,180,119,61,60,30,24,13,4,2.78,0.661,high
1315,5,36,180,156,50,106,23,24,36,32,7,2.92,0.321,high
1316,5,31,155,141,141,0,34,14,0,0,0,2.67,1.0,low
1317,4,38,152,127,127,0,21,25,0,0,0,2.53,1.0,low
1318,5,35,175,153,112,41,56,22,14,9,4,2.87,0.732,high
1319,2,32,64,54,35,19,22,10,5,5,3,2.55,0.648,high
1320,2,33,66,53,53,0,12,13,0,0,0,2.61,1.0,low
1321,4,30,240,202,202,0,52,38,0,0,0,2.54,1.0,low
1322,3,42,126,108,63,45,28,18,17,14,4,2.36,0.583,high
1323,2,21,84,69,28,41,14,15,14,13,5,2.92,0.406,high
1324,2,23,46,42,42,0,6,4,0,0,0,2.46,1.0,low
1325,5,23,115,105,105,0,33,10,0,0,0,2.64,1.0,low
1326,1,21,21,19,11,8,4,2,2,2,3,3.14,0.579,high
1327,4,28,336,294,186,108,92,42,41,32,4,2.83,0.633,high
1328,5,23,345,291,291,0,53,54,0,0,0,2.85,1.0,low
1329,4,40,320,267,114,153,52,53,56,44,6,2.31,0.427,high
1330,5,28,140,113,113,0,29,27,0,0,0,2.7,1.0,low
1331,3,30,270,222,92,130,44,48,39,29,8,2.55,0.414,high
1332,1,42,42,33,13,20,6,9,7,5,4,2.05,0.394,high
1333,5,30,150,135,91,44,54,15,19,10,4,2.71,0.674,high
1334,1,40,40,31,31,0,10,9,0,0,0,2.99,1.0,low
1335,5,30,150,124,124,0,30,26,0,0,0,2.55,1.0,low
1336,3,39,234,199,63,136,37,35,46,44,7,2.87,0.317,high
1337,1,24,24,17,6,11,4,7,4,5,3,3.42,0.353,high
1338,2,21,84,67,22,45,10,17,16,11,8,2.38,0.328,high
1339,3,35,315,257,97,160,41,58,53,39,7,2.48,0.377,high
1340,5,28,280,244,244,0,46,36,0,0,0,3.1,1.0,low
1341,2,26,52,41,27,14,12,11,6,3,4,3.01,0.659,medium
1342,4,32,256,215,77,138,46,41,46,28,7,2.69,0.358,high
1343,2,35,140,125,80,45,45,15,13,17,5,2.37,0.64,high
1344,2,32,64,46,35,11,16,18,4,1,1,2.08,0.761,high
1345,2,25,100,87,40,47,17,13,18,15,6,2.52,0.46,high
1346,3,32,96,83,83,0,17,13,0,0,0,1.7,1.0,low
1347,5,32,320,265,265,0,54,55,0,0,0,2.9,1.0,low
1348,4,35,140,125,82,43,37,15,16,13,3,2.77,0.656,high
1349,2,35,140,119,119,0,22,21,0,0,0,2.73,1.0,low
1350,5,35,525,427,427,0,88,98,0,0,0,2.76,1.0,low
1351,3,32,192,164,111,53,47,28,20,11,4,2.73,0.677,high
1352,5,33,330,272,102,170,55,58,55,44,9,2.77,0.375,high
1353,4,41,328,282,282,0,61,46,0,0,0,2.56,1.0,low
1354,3,23,207,177,177,0,34,30,0,0,0,2.62,1.0,low
1355,3,34,306,248,106,142,45,58,46,45,7,2.55,0.427,high
1356,3,21,63,56,17,39,9,7,13,8,6,2.78,0.304,high
1357,1,32,32,28,28,0,7,4,0,0,0,2.28,1.0,low
1358,2,32,128,105,66,39,32,23,17,10,3,2.87,0.629,high
1359,4,26,208,183,109,74,56,25,31,30,7,2.5,0.596,high
1360,2,25,100,80,49,31,22,20,9,13,5,2.33,0.612,high
1361,5,32,320,258,98,160,55,62,54,40,7,2.86,0.38,high
1362,3,37,333,277,277,0,54,56,0,0,0,2.77,1.0,low
1363,1,21,21,18,6,12,4,3,5,3,7,3.05,0.333,high
1364,3,35,105,90,90,0,12,15,0,0,0,2.93,1.0,low
1365,5,35,350,294,294,0,59,56,0,0,0,2.74,1.0,low
1366,4,21,168,140,51,89,29,28,26,31,12,2.88,0.364,high
1367,1,41,41,36,36,0,8,5,0,0,0,2.42,1.0,low
1368,1,21,21,16,13,3,10,5,1,1,1,2.74,0.812,high
1369,2,32,128,108,40,68,20,20,20,18,9,2.8,0.37,high
1370,3,23,207,175,78,97,37,32,30,23,8,2.46,0.446,high
1371,5,31,465,396,396,0,69,69,0,0,0,2.82,1.0,low
1372,4,39,312,257,114,143,60,55,47,41,6,2.79,0.444,high
1373,2,24,96,81,81,0,14,15,0,0,0,3.14,1.0,low
1374,4,41,492,410,269,141,132,82,45,44,5,2.78,0.656,high
1375,5,34,340,303,201,102,93,37,45,34,5,2.79,0.663,high
1376,5,41,615,501,501,0,114,114,0,0,0,2.8,1.0,low
1377,4,25,300,261,185,76,82,39,21,21,4,2.73,0.709,high
1378,3,30,270,231,136,95,73,39,30,24,5,2.83,0.589,high
1379,1,25,25,23,19,4,8,2,2,2,1,3.07,0.826,medium
1380,1,23,23,19,19,0,2,4,0,0,0,1.71,1.0,low
1381,3,30,180,156,104,52,45,24,14,17,3,2.82,0.667,high
1382,3,42,378,319,319,0,64,59,0,0,0,2.78,1.0,low
1383,3,39,234,196,88,108,40,38,40,40,8,2.96,0.449,high
1384,5,39,585,480,480,0,97,105,0,0,0,2.83,1.0,low
1385,1,22,22,19,5,14,3,3,6,5,3,3.54,0.263,high
1386,1,37,37,28,10,18,7,9,4,3,3,2.1,0.357,high
1387,1,23,23,17,13,4,9,6,1,2,1,2.92,0.765,low
1388,1,38,38,25,20,5,10,13,2,2,1,3.01,0.8,high
1389,1,28,28,27,13,14,8,1,4,3,4,3.0,0.481,medium
1390,2,21,84,69,48,21,21,15,10,7,3,2.58,0.696,high
1391,2,31,62,52,52,0,7,10,0,0,0,2.34,1.0,low
1392,1,40,40,37,21,16,14,3,6,5,3,2.71,0.568,high
1393,1,28,28,23,23,0,10,5,0,0,0,2.39,1.0,low
1394,3,23,69,59,59,0,12,10,0,0,0,3.25,1.0,low
1395,3,37,333,278,278,0,56,55,0,0,0,2.83,1.0,low
1396,3,30,90,73,21,52,7,17,18,15,8,3.08,0.288,high
1397,3,23,207,171,171,0,33,36,0,0,0,2.36,1.0,low
1398,4,41,492,411,411,0,76,81,0,0,0,2.74,1.0,low
1399,4,41,164,148,100,48,41,16,20,15,4,2.75,0.676,high
1400,4,34,272,232,165,67,93,40,20,21,3,2.67,0.711,high
1401,2,38,76,65,65,0,19,11,0,0,0,2.62,1.0,low
1402,1,25,25,21,14,7,5,4,4,2,2,3.31,0.667,medium
1403,4,31,124,101,101,0,19,23,0,0,0,2.51,1.0,low
1404,1,22,22,19,19,0,5,3,0,0,0,2.29,1.0,low
1405,1,38,38,30,30,0,5,8,0,0,0,2.71,1.0,low
1406,1,28,28,22,22,0,4,6,0,0,0,2.53,1.0,low
1407,2,25,100,76,76,0,8,24,0,0,0,3.21,1.0,low
1408,3,35,315,277,277,0,63,38,0,0,0,2.77,1.0,low
1409,3,30,270,228,152,76,77,42,27,23,4,2.64,0.667,high
1410,1,23,23,20,13,7,7,3,1,3,2,2.32,0.65,low
1411,1,36,36,29,29,0,7,7,0,0,0,2.63,1.0,low
1412,1,40,40,25,9,16,3,15,7,5,3,3.47,0.36,high
1413,3,21,189,166,106,60,40,23,17,18,3,2.99,0.639,high
1414,1,41,41,32,14,18,7,9,2,5,3,2.68,0.438,high
1415,4,37,444,372,246,126,127,72,48,32,5,2.66,0.661,high
1416,3,25,75,59,23,36,11,16,12,12,5,2.61,0.39,high
1417,4,28,336,291,199,92,97,45,28,29,4,3.03,0.684,high
1418,4,35,420,373,256,117,133,47,41,33,5,2.74,0.686,high
1419,1,39,39,37,12,25,6,2,7,8,5,3.03,0.324,high
1420,1,28,28,23,10,13,5,5,5,4,2,2.23,0.435,high
1421,2,39,156,125,125,0,17,31,0,0,0,2.68,1.0,low
1422,1,24,24,24,11,13,4,0,9,5,7,3.1,0.458,high
1423,2,25,50,42,13,29,6,8,11,9,6,3.43,0.31,high
1424,2,33,132,106,44,62,19,26,26,20,5,3.08,0.415,high
1425,4,37,296,250,107,143,58,46,53,39,6,2.88,0.428,high
1426,3,23,69,59,40,19,23,10,9,8,2,2.7,0.678,high
1427,1,30,30,24,19,5,9,6,2,1,2,3.0,0.792,medium
1428,4,39,468,404,154,250,73,64,84,79,10,2.9,0.381,high
1429,1,28,28,24,9,15,5,4,4,2,5,2.4,0.375,medium
1430,1,23,23,18,13,5,5,5,1,3,2,2.68,0.722,high
1431,4,23,184,162,107,55,50,22,16,19,4,3.04,0.66,high
1432,5,22,330,268,100,168,47,62,62,47,7,2.65,0.373,high
1433,3,39,234,203,138,65,68,31,19,20,4,2.42,0.68,high
1434,2,42,84,69,69,0,13,15,0,0,0,2.85,1.0,low
1435,1,25,25,21,21,0,3,4,0,0,0,2.86,1.0,low
1436,3,32,288,241,241,0,51,47,0,0,0,2.65,1.0,low
1437,4,26,312,253,253,0,55,59,0,0,0,3.03,1.0,low
1438,5,25,375,307,211,96,104,68,32,34,5,2.81,0.687,high
1439,4,32,384,322,226,96,114,62,33,20,3,2.67,0.702,high
1440,1,25,25,25,13,12,4,0,2,3,4,1.76,0.52,high
1441,1,23,23,20,20,0,4,3,0,0,0,2.36,1.0,low
1442,1,29,29,23,17,6,7,6,1,2,2,3.24,0.739,medium
1443,3,32,192,162,102,60,59,30,17,13,4,2.71,0.63,high
1444,3,28,168,145,90,55,43,23,19,18,4,2.8,0.621,high
1445,2,25,50,48,31,17,18,2,4,5,6,3.02,0.646,high
1446,5,22,330,273,113,160,50,57,52,43,6,3.03,0.414,high
1447,3,24,216,175,75,100,39,41,36,34,7,2.7,0.429,high
1448,2,40,160,126,44,82,18,34,27,21,5,2.51,0.349,high
1449,2,39,78,65,34,31,12,13,12,12,3,2.75,0.523,high
1450,4,32,384,331,226,105,121,53,30,25,3,2.71,0.683,high
1451,2,24,96,78,36,42,19,18,12,13,4,3.27,0.462,high
1452,2,39,156,132,132,0,20,24,0,0,0,2.83,1.0,low
1453,3,37,222,184,125,59,54,38,18,18,3,2.8,0.679,high
1454,4,28,224,182,125,57,60,42,16,11,4,2.84,0.687,high
1455,3,32,288,236,160,76,77,52,28,15,4,2.9,0.678,high
1456,1,25,25,24,16,8,11,1,4,3,3,2.48,0.667,high
1457,3,40,240,191,191,0,38,49,0,0,0,2.48,1.0,low
1458,1,35,35,32,32,0,7,3,0,0,0,3.3,1.0,low
1459,1,37,37,33,9,24,3,4,7,6,10,3.16,0.273,high
1460,4,32,384,316,316,0,57,68,0,0,0,2.43,1.0,low
1461,4,33,132,115,82,33,40,17,15,12,3,3.0,0.713,high
1462,5,32,480,404,265,139,137,76,36,32,8,2.87,0.656,high
1463,3,22,198,165,165,0,25,33,0,0,0,2.6,1.0,low
1464,3,32,192,167,112,55,68,25,22,11,4,2.75,0.671,high
1465,1,40,40,31,19,12,11,9,3,5,5,3.61,0.613,medium
1466,1,34,34,31,19,12,9,3,4,3,3,3.03,0.613,medium
1467,3,24,72,66,50,16,23,6,9,8,2,2.86,0.758,high
1468,1,32,32,27,17,10,7,5,4,3,1,2.66,0.63,medium
1469,5,31,465,400,253,147,123,65,45,40,5,2.8,0.632,high
1470,3,26,78,65,21,44,17,13,14,13,11,2.93,0.323,high
1471,3,40,120,98,65,33,35,22,11,14,3,2.83,0.663,high
1472,5,41,205,174,111,63,53,31,32,24,3,2.75,0.638,high
1473,4,21,168,150,57,93,27,18,33,32,8,2.71,0.38,high
1474,3,35,315,271,157,114,87,44,31,31,5,2.78,0.579,high
1475,1,21,21,19,17,2,8,2,2,1,1,1.93,0.895,medium
1476,1,32,32,27,11,16,4,5,4,4,3,2.72,0.407,high
1477,2,42,168,147,92,55,47,21,18,15,4,2.46,0.626,high
1478,1,39,39,32,32,0,8,7,0,0,0,2.71,1.0,low
1479,2,35,140,118,118,0,20,22,0,0,0,2.86,1.0,low
1480,3,22,66,58,36,22,20,8,10,4,3,2.55,0.621,high
1481,1,35,35,28,8,20,6,7,6,7,5,2.55,0.286,high
1482,5,37,555,461,301,160,171,94,49,43,4,2.77,0.653,high
1483,5,40,200,163,61,102,32,37,35,28,8,2.75,0.374,high
1484,3,22,66,56,39,17,18,10,7,4,5,2.82,0.696,high
1485,5,21,210,176,176,0,32,34,0,0,0,2.8,1.0,low
1486,3,41,246,205,205,0,32,41,0,0,0,3.29,1.0,low
1487,5,40,600,506,214,292,113,94,101,96,7,2.79,0.423,high
1488,4,22,176,143,143,0,23,33,0,0,0,2.62,1.0,low
1489,4,37,296,248,248,0,46,48,0,0,0,2.64,1.0,low
1490,4,32,384,321,321,0,74,63,0,0,0,2.61,1.0,low
1491,4,32,256,212,212,0,41,44,0,0,0,2.59,1.0,low
1492,4,25,200,165,67,98,35,35,39,27,7,2.7,0.406,high
1493,5,28,420,353,237,116,102,67,41,34,4,2.73,0.671,high
1494,1,29,29,27,11,16,5,2,5,5,7,2.61,0.407,high
1495,2,21,84,73,48,25,26,11,10,7,3,2.78,0.658,high
1496,5,25,375,324,228,96,102,51,32,37,4,2.69,0.704,high
1497,3,24,72,61,61,0,14,11,0,0,0,2.7,1.0,low
1498,1,34,34,27,27,0,3,7,0,0,0,2.27,1.0,low
1499,5,22,330,283,193,90,89,47,29,26,3,2.85,0.682,high
1500,1,34,34,29,13,16,7,5,4,3,3,2.49,0.448,high
1501,2,37,74,57,25,32,15,17,13,8,4,2.89,0.439,high
1502,4,31,372,309,309,0,64,63,0,0,0,2.36,1.0,low
1503,5,26,390,321,321,0,67,69,0,0,0,2.75,1.0,low
1504,2,39,78,67,67,0,16,11,0,0,0,3.08,1.0,low
1505,1,42,42,35,35,0,9,7,0,0,0,2.45,1.0,low
1506,5,23,230,190,133,57,76,40,22,13,4,3.14,0.7,high
1507,3,37,222,188,188,0,37,34,0,0,0,2.57,1.0,low
1508,3,21,63,52,52,0,5,11,0,0,0,2.22,1.0,low
1509,5,27,135,114,114,0,17,21,0,0,0,2.45,1.0,low
1510,3,23,69,55,55,0,11,14,0,0,0,3.19,1.0,low
1511,1,39,39,33,33,0,6,6,0,0,0,2.67,1.0,low
1512,5,24,240,196,196,0,35,44,0,0,0,3.19,1.0,low
1513,4,39,312,263,170,93,82,49,29,35,4,2.78,0.646,high
1514,2,39,78,64,22,42,14,14,7,13,10,2.43,0.344,high
1515,2,32,64,54,34,20,25,10,10,5,2,3.2,0.63,high
1516,2,21,84,68,68,0,16,16,0,0,0,2.96,1.0,low
1517,2,37,74,60,39,21,24,14,3,5,3,2.8,0.65,high
1518,5,22,330,282,282,0,49,48,0,0,0,2.8,1.0,low
1519,1,25,25,21,21,0,7,4,0,0,0,3.05,1.0,low
1520,1,27,27,22,22,0,3,5,0,0,0,4.47,1.0,low
1521,5,40,600,507,344,163,162,93,51,50,4,2.69,0.679,high
1522,1,22,22,18,18,0,1,4,0,0,0,3.79,1.0,low
1523,4,21,252,214,77,137,43,38,48,40,6,2.94,0.36,high
1524,2,39,78,64,40,24,24,14,8,6,3,2.72,0.625,high
1525,1,22,22,19,13,6,7,3,1,4,2,2.42,0.684,high
1526,5,30,450,374,158,216,86,76,71,57,7,2.66,0.422,high
1527,3,30,90,79,59,20,29,11,7,7,2,2.68,0.747,high
1528,1,35,35,30,12,18,8,5,6,5,5,2.41,0.4,high
1529,5,39,195,163,163,0,34,32,0,0,0,2.85,1.0,low
1530,4,32,384,317,317,0,52,67,0,0,0,2.47,1.0,low
1531,4,39,468,397,293,104,143,71,39,29,3,2.76,0.738,high
1532,5,25,375,333,333,0,64,42,0,0,0,2.83,1.0,low
1533,5,35,175,147,147,0,27,28,0,0,0,2.81,1.0,low
1534,2,35,140,115,115,0,24,25,0,0,0,2.65,1.0,low
1535,5,23,115,101,75,26,35,14,9,6,3,2.75,0.743,high
1536,3,27,243,199,85,114,50,44,35,33,6,2.92,0.427,high
1537,4,29,348,299,194,105,92,49,34,42,5,2.65,0.649,high
1538,3,21,126,105,105,0,14,21,0,0,0,2.95,1.0,low
1539,4,42,168,139,62,77,31,29,37,23,5,3.04,0.446,high
1540,3,40,240,200,132,68,71,40,23,20,4,2.81,0.66,high
1541,5,41,410,358,233,125,122,52,40,42,6,2.36,0.651,high
1542,4,32,384,311,311,0,57,73,0,0,0,2.81,1.0,low
1543,1,23,23,17,17,0,2,6,0,0,0,2.23,1.0,low
1544,3,39,351,306,129,177,56,45,63,53,7,2.63,0.422,high
1545,5,28,420,363,244,119,120,57,40,35,6,2.77,0.672,high
1546,1,21,21,21,15,6,4,0,2,2,2,2.94,0.714,medium
1547,2,27,54,40,40,0,9,14,0,0,0,2.28,1.0,low
1548,3,40,360,312,207,105,120,48,38,34,4,2.67,0.663,high
1549,3,34,204,170,115,55,58,34,17,24,3,3.04,0.676,high
1550,4,31,248,204,204,0,46,44,0,0,0,2.48,1.0,low
1551,1,28,28,23,9,14,4,5,5,3,7,2.42,0.391,high
1552,5,23,115,96,71,25,39,19,9,7,4,3.12,0.74,high
1553,5,35,350,305,305,0,59,45,0,0,0,2.55,1.0,low
1554,1,28,28,24,19,5,11,4,1,1,1,2.12,0.792,medium
1555,4,40,160,126,126,0,32,34,0,0,0,2.52,1.0,low
1556,3,24,144,120,120,0,24,24,0,0,0,3.16,1.0,low
1557,4,37,148,127,53,74,24,21,26,18,7,2.29,0.417,high
1558,2,33,132,108,74,34,46,24,10,9,4,3.03,0.685,high
1559,5,41,205,161,69,92,30,44,32,28,6,2.61,0.429,high
1560,5,22,110,102,72,30,35,8,8,10,4,2.82,0.706,high
1561,5,35,175,156,156,0,38,19,0,0,0,2.95,1.0,low
1562,3,30,180,149,64,85,32,31,34,22,6,2.79,0.43,high
1563,4,24,192,171,121,50,72,21,20,13,5,2.9,0.708,high
1564,4,39,468,409,275,134,144,59,37,53,5,2.56,0.672,high
1565,2,32,64,56,24,32,12,8,14,9,8,2.55,0.429,high
1566,2,25,100,81,31,50,15,19,12,14,4,2.55,0.383,high
1567,1,39,39,34,22,12,13,5,8,4,4,2.7,0.647,high
1568,3,27,162,133,133,0,23,29,0,0,0,2.48,1.0,low
1569,5,31,155,140,97,43,56,15,14,13,3,2.32,0.693,high
1570,5,28,280,232,102,130,54,48,41,35,6,2.92,0.44,high
1571,2,37,148,125,87,38,43,23,12,8,5,2.38,0.696,high
1572,3,25,75,57,29,28,16,18,5,9,4,2.54,0.509,high
1573,3,35,105,92,92,0,22,13,0,0,0,2.77,1.0,low
1574,3,22,198,152,152,0,30,46,0,0,0,2.91,1.0,low
1575,2,33,132,117,49,68,21,15,27,22,6,2.47,0.419,high
1576,5,31,465,389,389,0,81,76,0,0,0,3.08,1.0,low
1577,2,31,124,103,59,44,26,21,10,9,6,3.19,0.573,high
1578,4,35,420,346,346,0,69,74,0,0,0,2.73,1.0,low
1579,1,21,21,18,12,6,7,3,2,1,1,2.24,0.667,medium
1580,4,23,276,226,100,126,45,50,38,46,5,2.74,0.442,high
1581,5,30,450,365,365,0,67,85,0,0,0,2.66,1.0,low
1582,4,28,112,91,58,33,27,21,11,12,4,2.49,0.637,high
1583,4,29,232,191,83,108,44,41,40,32,5,2.88,0.435,high
1584,5,26,130,109,109,0,16,21,0,0,0,3.16,1.0,low
1585,3,27,162,133,84,49,46,29,24,14,4,3.08,0.632,high
1586,3,22,198,161,69,92,42,37,25,25,7,2.65,0.429,high
1587,5,31,155,135,94,41,50,20,13,7,3,2.52,0.696,high
1588,3,23,207,178,120,58,65,29,16,17,3,2.69,0.674,high
1589,5,36,540,459,181,278,93,81,97,80,8,2.61,0.394,high
1590,4,30,360,306,206,100,104,54,26,31,4,2.62,0.673,high
1591,2,30,60,50,50,0,7,10,0,0,0,2.26,1.0,low
1592,4,25,200,168,68,100,36,32,30,32,6,2.59,0.405,high
1593,1,25,25,21,9,12,6,4,2,5,2,2.8,0.429,high
1594,2,37,74,65,48,17,29,9,4,3,2,2.68,0.738,high
1595,5,24,240,191,62,129,27,49,43,49,6,2.81,0.325,high
1596,5,41,615,515,221,294,121,100,87,92,9,2.71,0.429,high
1597,4,25,200,178,118,60,51,22,24,17,5,2.61,0.663,high
1598,4,42,336,286,286,0,52,50,0,0,0,2.85,1.0,low
1599,5,22,220,185,133,52,63,35,18,13,4,2.81,0.719,high
1600,2,35,70,63,29,34,17,7,11,9,6,2.48,0.46,high
1601,1,29,29,26,17,9,8,3,2,3,2,3.58,0.654,high
1602,5,30,300,251,251,0,40,49,0,0,0,2.84,1.0,low
1603,5,27,135,116,116,0,24,19,0,0,0,2.49,1.0,low
1604,4,21,84,76,53,23,25,8,11,7,2,2.97,0.697,high
1605,1,27,27,27,11,16,6,0,6,4,4,2.34,0.407,high
1606,4,21,84,71,71,0,22,13,0,0,0,3.03,1.0,low
1607,5,30,450,377,377,0,64,73,0,0,0,2.65,1.0,low
1608,5,40,200,158,108,50,52,42,14,17,4,2.63,0.684,high
1609,5,36,180,152,64,88,33,28,25,26,5,2.91,0.421,high
1610,1,28,28,21,15,6,9,7,2,0,2,3.04,0.714,high
1611,3,21,189,160,63,97,35,29,33,27,9,2.35,0.394,high
1612,5,28,420,353,238,115,116,67,37,32,4,2.67,0.674,high
1613,1,28,28,25,25,0,5,3,0,0,0,3.08,1.0,low
1614,2,21,84,71,32,39,15,13,13,12,5,2.45,0.451,high
1615,4,21,84,69,40,29,19,15,12,7,3,2.73,0.58,high
1616,2,37,74,59,37,22,18,15,10,4,4,2.88,0.627,high
1617,4,35,280,244,244,0,61,36,0,0,0,2.6,1.0,low
1618,4,35,140,125,125,0,19,15,0,0,0,2.33,1.0,low
1619,5,39,390,329,143,186,75,61,65,59,6,2.99,0.435,high
1620,5,23,345,288,288,0,57,57,0,0,0,2.93,1.0,low
1621,1,28,28,26,9,17,6,2,3,5,6,2.99,0.346,high
1622,3,37,111,92,92,0,18,19,0,0,0,2.62,1.0,low
1623,3,30,90,72,72,0,19,18,0,0,0,2.74,1.0,low
1624,1,38,38,31,31,0,7,7,0,0,0,2.86,1.0,low
1625,2,25,50,43,28,15,14,7,6,4,3,2.56,0.651,high
1626,3,38,114,95,49,46,25,19,20,13,5,3.04,0.516,high
1627,5,29,290,246,246,0,45,44,0,0,0,3.0,1.0,low
1628,1,24,24,21,16,5,10,3,0,2,2,2.64,0.762,medium
1629,5,26,130,115,79,36,44,15,12,13,4,2.4,0.687,high
1630,2,21,84,70,34,36,18,14,12,10,4,2.69,0.486,high
1631,3,35,210,179,118,61,60,31,20,15,5,2.54,0.659,high
1632,1,29,29,25,9,16,5,4,4,5,4,2.82,0.36,medium
1633,5,29,435,355,355,0,71,80,0,0,0,2.49,1.0,low
1634,3,32,192,166,166,0,26,26,0,0,0,2.85,1.0,low
1635,5,32,480,422,283,139,146,58,50,42,5,2.76,0.671,high
1636,1,36,36,34,18,16,12,2,9,6,6,2.73,0.529,medium
1637,1,25,25,20,9,11,3,5,4,3,4,3.39,0.45,high
1638,4,38,152,132,132,0,31,20,0,0,0,2.57,1.0,low
1639,2,38,76,68,28,40,13,8,12,13,5,3.15,0.412,high
1640,2,34,68,58,34,24,24,10,11,7,3,2.57,0.586,high
1641,5,35,175,149,56,93,29,26,25,27,6,2.58,0.376,high
1642,1,29,29,25,20,5,11,4,1,0,1,2.19,0.8,high
1643,5,36,360,306,121,185,61,54,70,58,10,2.75,0.395,high
1644,5,35,525,443,443,0,84,82,0,0,0,2.8,1.0,low
1645,3,33,198,172,117,55,60,26,17,12,4,2.83,0.68,high
1646,2,28,112,94,56,38,26,18,18,12,3,2.75,0.596,high
1647,1,37,37,29,29,0,6,8,0,0,0,2.36,1.0,low
1648,5,36,180,157,103,54,41,23,21,17,3,2.51,0.656,high
1649,3,39,117,103,34,69,16,14,19,18,7,2.63,0.33,high
1650,5,33,495,414,170,244,80,81,84,61,10,2.58,0.411,high
1651,1,39,39,34,25,9,12,5,4,1,2,2.69,0.735,high
1652,5,35,525,458,311,147,147,67,51,45,3,2.72,0.679,high
1653,1,35,35,29,29,0,7,6,0,0,0,3.62,1.0,low
1654,3,21,63,58,39,19,22,5,5,4,6,2.56,0.672,high
1655,1,37,37,31,25,6,9,6,3,2,2,3.54,0.806,medium
1656,1,21,21,18,14,4,8,3,2,2,1,2.62,0.778,medium
1657,4,22,264,219,219,0,37,45,0,0,0,2.29,1.0,low
1658,2,24,96,76,31,45,16,20,12,14,5,3.32,0.408,high
1659,5,28,280,236,158,78,79,44,33,25,3,2.56,0.669,high
1660,3,25,225,190,71,119,30,35,37,37,7,2.72,0.374,high
1661,4,23,276,229,80,149,42,47,49,36,9,2.94,0.349,high
1662,2,41,164,133,133,0,25,31,0,0,0,2.81,1.0,low
1663,3,32,288,247,158,89,81,41,30,22,4,2.64,0.64,high
1664,2,29,116,99,66,33,31,17,17,8,4,2.37,0.667,high
1665,4,31,372,306,113,193,57,66,71,50,6,2.64,0.369,high
1666,5,28,280,238,155,83,72,42,28,24,4,2.55,0.651,high
1667,3,30,270,232,232,0,44,38,0,0,0,2.56,1.0,low
1668,3,35,210,182,118,64,63,28,23,15,3,2.84,0.648,high
1669,1,39,39,29,11,18,7,10,3,3,3,2.04,0.379,high
1670,4,23,184,153,153,0,44,31,0,0,0,2.86,1.0,low
1671,3,35,105,96,31,65,20,9,25,19,7,2.5,0.323,high
1672,4,21,252,208,208,0,46,44,0,0,0,2.45,1.0,low
1673,1,25,25,18,18,0,6,7,0,0,0,3.4,1.0,low
1674,5,35,175,155,100,55,56,20,20,14,4,2.78,0.645,high
1675,3,37,333,274,98,176,50,59,60,47,11,2.83,0.358,high
1676,3,31,186,160,96,64,52,26,24,18,4,2.88,0.6,high
1677,3,38,114,97,97,0,19,17,0,0,0,2.61,1.0,low
1678,3,30,180,152,152,0,38,28,0,0,0,2.34,1.0,low
1679,4,36,144,122,80,42,44,22,16,13,4,2.75,0.656,high
1680,4,26,208,177,124,53,74,31,23,19,4,2.5,0.701,high
1681,3,38,228,192,192,0,41,36,0,0,0,2.52,1.0,low
1682,3,23,69,61,40,21,22,8,7,6,2,2.48,0.656,high
1683,1,32,32,25,15,10,9,7,1,2,5,2.87,0.6,high
1684,4,24,192,165,114,51,73,27,14,20,2,2.78,0.691,high
1685,2,36,72,58,19,39,5,14,15,11,11,2.72,0.328,high
1686,1,35,35,27,21,6,6,8,1,0,2,2.82,0.778,medium
1687,2,21,84,76,56,20,27,8,11,6,3,2.81,0.737,high
1688,4,28,224,188,87,101,40,36,38,27,4,2.67,0.463,high
1689,5,21,105,85,33,52,18,20,23,15,4,3.1,0.388,high
1690,3,33,297,249,173,76,93,48,28,18,6,2.78,0.695,high
1691,1,38,38,36,21,15,14,2,6,5,4,3.1,0.583,medium
1692,1,28,28,24,10,14,5,4,4,4,6,2.6,0.417,high
1693,5,30,150,125,67,58,30,25,18,19,4,2.65,0.536,high
1694,2,34,136,120,77,43,42,16,12,10,3,2.62,0.642,high
1695,5,30,300,243,243,0,53,57,0,0,0,2.73,1.0,low
1696,2,32,128,105,105,0,21,23,0,0,0,2.74,1.0,low
1697,3,35,315,272,114,158,58,43,46,51,11,2.82,0.419,high
1698,2,31,62,56,40,16,20,6,5,6,2,2.8,0.714,high
1699,3,35,105,89,57,32,29,16,11,10,5,2.78,0.64,high
1700,3,30,270,228,228,0,48,42,0,0,0,2.85,1.0,low
1701,5,27,270,224,224,0,46,46,0,0,0,2.66,1.0,low
1702,4,22,88,76,76,0,13,12,0,0,0,2.83,1.0,low
1703,5,35,350,300,190,110,97,50,41,29,4,2.8,0.633,high
1704,4,23,92,76,47,29,25,16,8,11,3,2.56,0.618,high
1705,4,32,384,327,213,114,105,57,30,29,5,2.89,0.651,high
1706,3,33,198,169,169,0,34,29,0,0,0,2.89,1.0,low
1707,3,39,351,293,293,0,60,58,0,0,0,2.81,1.0,low
1708,4,25,100,82,82,0,19,18,0,0,0,2.83,1.0,low
1709,1,26,26,24,15,9,6,2,3,5,3,3.16,0.625,medium
1710,5,37,555,479,318,161,167,76,58,43,5,2.71,0.664,high
1711,3,28,84,68,24,44,8,16,18,16,7,3.01,0.353,high
1712,4,28,336,278,278,0,56,58,0,0,0,2.8,1.0,low
1713,3,21,63,54,54,0,8,9,0,0,0,3.49,1.0,low
1714,3,24,216,179,179,0,41,37,0,0,0,2.82,1.0,low
1715,3,31,186,149,63,86,29,37,34,26,8,3.14,0.423,high
1716,4,30,240,206,148,58,71,34,24,18,3,2.81,0.718,high
1717,5,33,495,408,164,244,87,87,78,79,8,2.83,0.402,high
1718,4,28,224,185,124,61,48,39,20,19,3,2.62,0.67,high
1719,4,32,256,211,88,123,37,45,42,31,6,2.6,0.417,high
1720,3,41,123,104,42,62,23,19,15,21,5,2.85,0.404,high
1721,5,32,160,133,133,0,30,27,0,0,0,2.58,1.0,low
1722,2,23,92,79,47,32,21,13,5,9,3,2.4,0.595,high
1723,2,24,96,86,31,55,15,10,17,21,6,3.21,0.36,high
1724,2,35,70,56,22,34,8,14,13,9,5,3.05,0.393,high
1725,4,42,336,291,193,98,105,45,37,25,4,2.5,0.663,high
1726,5,21,105,91,27,64,12,14,26,17,11,2.27,0.297,high
1727,5,38,380,317,225,92,105,63,39,22,3,2.75,0.71,high
1728,5,40,200,174,122,52,61,26,21,16,4,3.07,0.701,high
1729,5,30,300,259,164,95,95,41,34,21,4,2.63,0.633,high
1730,2,25,50,43,14,29,8,7,11,10,5,2.51,0.326,high
1731,4,28,112,97,97,0,14,15,0,0,0,2.84,1.0,low
1732,5,37,185,166,113,53,58,19,15,16,3,2.75,0.681,high
1733,4,30,120,105,105,0,16,15,0,0,0,3.08,1.0,low
1734,5,25,250,221,151,70,74,29,28,24,3,2.69,0.683,high
1735,4,28,336,290,190,100,81,46,38,22,5,2.91,0.655,high
1736,4,36,432,363,157,206,82,69,70,52,7,2.59,0.433,high
1737,5,32,320,271,102,169,49,49,63,44,8,2.68,0.376,high
1738,1,27,27,25,25,0,5,2,0,0,0,2.07,1.0,low
1739,2,40,80,64,64,0,14,16,0,0,0,3.05,1.0,low
1740,4,42,168,141,55,86,31,27,29,21,6,2.75,0.39,high
1741,5,32,160,140,140,0,28,20,0,0,0,2.68,1.0,low
1742,4,29,348,296,124,172,68,52,59,48,7,2.72,0.419,high
1743,4,28,112,90,64,26,36,22,10,8,3,2.43,0.711,high
1744,2,42,168,144,52,92,28,24,32,30,7,2.62,0.361,high
1745,1,30,30,27,12,15,5,3,1,4,4,2.46,0.444,high
1746,2,36,144,120,120,0,31,24,0,0,0,2.96,1.0,low
1747,3,28,84,67,67,0,8,17,0,0,0,2.49,1.0,low
1748,2,22,44,38,27,11,17,6,4,3,1,2.96,0.711,high
1749,2,23,92,76,76,0,15,16,0,0,0,2.87,1.0,low
1750,1,41,41,35,13,22,7,6,10,5,3,1.44,0.371,high
1751,2,28,112,97,40,57,19,15,21,18,8,2.99,0.412,high
1752,3,40,120,98,98,0,23,22,0,0,0,3.06,1.0,low
1753,2,27,54,47,30,17,15,7,5,8,3,2.43,0.638,high
1754,3,21,126,107,107,0,16,19,0,0,0,2.69,1.0,low
1755,1,26,26,21,21,0,3,5,0,0,0,1.43,1.0,low
1756,5,34,170,143,60,83,36,27,31,22,5,2.72,0.42,high
1757,2,33,66,57,16,41,7,9,13,12,7,2.41,0.281,high
1758,4,31,372,316,316,0,70,56,0,0,0,2.87,1.0,low
1759,3,28,252,210,210,0,43,42,0,0,0,2.57,1.0,low
1760,4,27,216,178,67,111,37,38,40,31,7,2.91,0.376,high
1761,4,30,240,193,193,0,35,47,0,0,0,2.76,1.0,low
1762,2,29,58,50,36,14,13,8,6,8,4,2.71,0.72,high
1763,2,41,82,66,46,20,23,16,7,6,2,2.96,0.697,high
1764,4,35,140,121,83,38,44,19,14,18,5,2.65,0.686,high
1765,1,32,32,25,10,15,6,7,5,4,4,3.52,0.4,high
1766,2,23,92,79,57,22,31,13,11,7,4,2.8,0.722,high
1767,3,39,351,291,291,0,55,60,0,0,0,2.87,1.0,low
1768,4,32,256,224,87,137,49,32,48,34,9,2.72,0.388,high
1769,2,28,56,46,46,0,7,10,0,0,0,2.45,1.0,low
1770,3,23,138,113,50,63,27,25,21,19,9,3.01,0.442,high
1771,1,31,31,26,26,0,3,5,0,0,0,3.12,1.0,low
1772,2,41,164,140,88,52,44,24,16,12,4,3.24,0.629,high
1773,3,36,324,265,265,0,52,59,0,0,0,2.49,1.0,low
1774,4,37,148,127,127,0,26,21,0,0,0,2.72,1.0,low
1775,3,27,81,69,69,0,17,12,0,0,0,2.87,1.0,low
1776,2,41,164,131,131,0,33,33,0,0,0,2.98,1.0,low
1777,4,26,104,95,39,56,23,9,19,20,7,2.55,0.411,high
1778,2,32,128,115,85,30,46,13,9,10,3,2.48,0.739,high
1779,1,28,28,27,27,0,5,1,0,0,0,1.62,1.0,low
1780,1,34,34,22,22,0,3,12,0,0,0,1.21,1.0,low
1781,3,40,240,211,84,127,49,29,41,41,8,2.27,0.398,high
1782,4,21,84,72,46,26,23,12,10,9,3,2.67,0.639,high
1783,5,26,390,328,126,202,61,62,65,62,8,2.64,0.384,high
1784,3,31,93,81,34,47,19,12,19,12,7,3.19,0.42,high
1785,4,36,288,247,109,138,51,41,45,41,6,2.5,0.441,high
1786,3,31,186,157,66,91,33,29,30,28,11,2.25,0.42,high
1787,5,21,315,265,175,90,90,50,26,29,3,2.95,0.66,high
1788,4,37,148,122,47,75,21,26,22,23,6,2.59,0.385,high
1789,2,28,56,51,51,0,11,5,0,0,0,2.61,1.0,low
1790,5,41,615,520,337,183,168,95,52,56,4,2.81,0.648,high
1791,5,21,210,174,174,0,42,36,0,0,0,2.45,1.0,low
1792,3,32,288,240,240,0,49,48,0,0,0,2.69,1.0,low
1793,4,29,348,281,186,95,94,67,29,31,3,2.8,0.662,high
1794,4,28,336,270,108,162,56,66,57,46,10,2.61,0.4,high
1795,4,36,432,373,170,203,86,59,57,46,7,2.93,0.456,high
1796,3,23,138,115,74,41,33,23,16,11,5,2.65,0.643,high
1797,5,36,360,285,186,99,92,75,28,28,4,2.59,0.653,high
1798,3,28,168,139,55,84,28,29,27,26,5,2.5,0.396,high
1799,1,32,32,26,12,14,5,6,5,4,4,3.01,0.462,high
1800,5,27,405,339,339,0,61,66,0,0,0,2.88,1.0,low
1801,1,30,30,28,28,0,7,2,0,0,0,1.68,1.0,low
1802,4,25,200,172,119,53,63,28,18,14,5,2.71,0.692,high
1803,3,29,174,139,48,91,19,35,27,33,7,2.18,0.345,high
1804,4,25,300,252,252,0,46,48,0,0,0,3.0,1.0,low
1805,1,32,32,29,29,0,5,3,0,0,0,2.91,1.0,low
1806,3,39,117,91,34,57,21,26,25,16,5,2.82,0.374,high
1807,4,38,304,267,181,86,89,37,32,25,3,2.69,0.678,high
1808,5,24,120,102,61,41,32,18,12,12,5,2.89,0.598,high
1809,5,28,420,365,232,133,115,55,50,36,4,2.67,0.636,high
1810,3,34,102,88,35,53,17,14,15,17,6,2.39,0.398,high
1811,2,36,144,128,86,42,35,16,15,13,5,2.23,0.672,high
1812,5,38,190,161,161,0,37,29,0,0,0,2.71,1.0,low
1813,4,35,280,238,93,145,42,42,44,42,8,2.72,0.391,high
1814,5,29,145,117,117,0,20,28,0,0,0,2.16,1.0,low
1815,5,40,400,336,216,120,108,64,45,42,4,2.65,0.643,high
1816,4,39,312,267,105,162,50,45,53,45,7,2.56,0.393,high
1817,4,27,324,274,178,96,99,50,29,31,4,2.89,0.65,high
1818,2,25,50,45,45,0,10,5,0,0,0,2.32,1.0,low
1819,3,24,72,68,47,21,22,4,2,7,3,3.02,0.691,high
1820,4,27,324,264,264,0,48,60,0,0,0,2.86,1.0,low
1821,1,42,42,32,14,18,8,10,7,8,3,3.1,0.438,high
1822,5,25,125,106,44,62,24,19,23,18,4,2.89,0.415,high
1823,3,37,222,186,186,0,36,36,0,0,0,3.17,1.0,low
1824,1,29,29,27,27,0,6,2,0,0,0,3.22,1.0,low
1825,3,42,252,220,220,0,41,32,0,0,0,3.1,1.0,low
1826,3,32,192,164,164,0,33,28,0,0,0,2.52,1.0,low
1827,2,35,140,117,67,50,34,23,16,14,4,2.61,0.573,high
1828,4,23,92,78,31,47,14,14,13,13,8,2.61,0.397,high
1829,4,29,232,196,196,0,35,36,0,0,0,2.47,1.0,low
1830,4,36,144,121,76,45,34,23,11,14,4,2.42,0.628,high
1831,5,21,210,168,68,100,36,42,36,27,5,2.66,0.405,high
1832,3,35,315,273,118,155,48,42,58,35,5,2.71,0.432,high
1833,5,27,405,335,141,194,71,70,68,61,11,2.87,0.421,high
1834,2,40,80,65,31,34,19,15,14,9,4,2.41,0.477,high
1835,1,27,27,24,7,17,2,3,6,5,6,2.43,0.292,high
1836,1,23,23,22,15,7,7,1,4,2,3,3.1,0.682,high
1837,3,30,180,159,109,50,42,21,24,17,4,2.62,0.686,high
1838,5,29,290,249,106,143,54,41,40,42,7,2.58,0.426,high
1839,5,21,210,172,172,0,32,38,0,0,0,2.57,1.0,low
1840,4,25,100,85,85,0,17,15,0,0,0,2.91,1.0,low
1841,1,39,39,31,24,7,12,8,5,2,1,2.89,0.774,high
1842,3,21,126,106,70,36,37,20,7,9,4,2.57,0.66,high
1843,1,35,35,32,14,18,10,3,4,6,3,2.48,0.438,high
1844,5,32,480,404,404,0,105,76,0,0,0,2.66,1.0,low
1845,1,35,35,25,15,10,5,10,3,2,3,1.83,0.6,high
1846,2,32,128,105,105,0,15,23,0,0,0,2.65,1.0,low
1847,5,33,495,418,166,252,88,77,85,61,6,2.77,0.397,high
1848,1,32,32,28,28,0,2,4,0,0,0,2.9,1.0,low
1849,3,28,168,142,58,84,31,26,24,26,7,2.58,0.408,high
1850,4,41,492,423,282,141,130,69,49,41,3,2.82,0.667,high
1851,1,23,23,22,13,9,6,1,3,1,2,2.98,0.591,medium
1852,5,27,270,227,84,143,35,43,51,43,9,2.52,0.37,high
1853,1,35,35,32,32,0,4,3,0,0,0,4.01,1.0,low
1854,2,37,74,64,42,22,20,10,9,6,3,2.95,0.656,high
1855,4,41,164,143,143,0,28,21,0,0,0,3.05,1.0,low
1856,1,39,39,33,17,16,14,6,5,5,4,3.32,0.515,high
1857,4,39,312,258,170,88,88,54,28,32,5,2.77,0.659,high
1858,2,31,124,102,102,0,26,22,0,0,0,2.93,1.0,low
1859,4,32,128,108,73,35,41,20,7,8,3,2.79,0.676,high
1860,5,41,615,513,226,287,114,102,98,86,10,2.55,0.441,high
1861,1,22,22,17,8,9,5,5,1,1,3,1.92,0.471,medium
1862,5,26,260,213,85,128,41,47,43,35,7,2.96,0.399,high
1863,4,32,128,109,50,59,23,19,18,13,5,2.91,0.459,high
1864,4,29,116,101,65,36,31,15,7,15,4,2.98,0.644,high
1865,3,34,306,253,112,141,49,53,44,37,8,2.79,0.443,high
1866,1,29,29,22,4,18,1,7,10,7,6,4.29,0.182,high
1867,3,28,252,214,149,65,71,38,26,13,3,2.82,0.696,high
1868,3,28,252,212,212,0,46,40,0,0,0,2.76,1.0,low
1869,4,37,148,128,84,44,40,20,17,16,4,2.66,0.656,high
1870,5,28,140,119,82,37,39,21,11,16,3,3.05,0.689,high
1871,4,32,256,217,151,66,73,39,18,22,3,2.99,0.696,high
1872,3,32,192,164,115,49,59,28,17,12,4,2.85,0.701,high
1873,2,23,46,39,29,10,11,7,2,3,2,2.61,0.744,medium
1874,1,23,23,19,7,12,2,4,4,3,4,3.14,0.368,high
1875,2,33,132,106,106,0,21,26,0,0,0,2.68,1.0,low
1876,5,39,195,170,170,0,33,25,0,0,0,2.4,1.0,low
1877,4,39,468,410,256,154,115,58,55,48,6,2.84,0.624,high
1878,4,36,432,368,252,116,126,64,37,29,4,2.67,0.685,high
1879,2,34,136,121,82,39,39,15,14,16,4,2.78,0.678,high
1880,3,34,306,260,260,0,45,46,0,0,0,2.53,1.0,low
1881,5,41,615,537,335,202,169,78,60,62,4,2.85,0.624,high
1882,3,25,75,65,65,0,12,10,0,0,0,2.79,1.0,low
1883,2,38,76,70,28,42,13,6,15,14,5,2.14,0.4,high
1884,3,25,75,65,65,0,14,10,0,0,0,3.44,1.0,low
1885,3,35,105,88,36,52,17,17,16,15,6,2.74,0.409,high
1886,4,40,480,424,289,135,152,56,41,42,5,2.81,0.682,high
1887,5,27,135,116,81,35,44,19,14,10,3,2.59,0.698,high
1888,1,25,25,24,24,0,1,1,0,0,0,1.17,1.0,low
1889,2,23,92,82,59,23,30,10,10,5,3,2.6,0.72,high
1890,1,38,38,31,26,5,11,7,3,2,1,3.01,0.839,medium
1891,1,37,37,34,34,0,5,3,0,0,0,2.87,1.0,low
1892,4,29,348,307,198,109,102,41,38,36,5,2.52,0.645,high
1893,4,41,164,136,136,0,15,28,0,0,0,2.92,1.0,low
1894,5,24,240,199,199,0,35,41,0,0,0,2.89,1.0,low
1895,2,41,82,71,48,23,28,11,5,6,3,2.55,0.676,high
1896,1,33,33,25,17,8,6,8,1,3,1,2.94,0.68,high
1897,1,37,37,34,23,11,13,3,3,3,3,2.89,0.676,medium
1898,4,38,456,385,385,0,86,71,0,0,0,2.84,1.0,low
1899,3,35,210,177,113,64,52,33,20,21,3,2.87,0.638,high
1900,4,31,372,310,116,194,67,62,69,48,6,2.67,0.374,high
1901,3,28,84,68,68,0,16,16,0,0,0,3.47,1.0,low
1902,1,40,40,37,28,9,10,3,4,3,2,2.96,0.757,medium
1903,4,37,296,250,177,73,87,46,25,22,3,2.87,0.708,high
1904,3,21,126,102,48,54,23,24,17,14,8,2.91,0.471,high
1905,4,38,456,393,154,239,75,63,72,71,10,2.86,0.392,high
1906,5,27,270,222,222,0,41,48,0,0,0,2.81,1.0,low
1907,1,25,25,24,11,13,6,1,6,4,4,2.11,0.458,high
1908,1,39,39,35,23,12,16,4,2,3,3,2.84,0.657,medium
1909,4,34,136,104,104,0,17,32,0,0,0,2.38,1.0,low
1910,2,32,128,99,99,0,23,29,0,0,0,2.87,1.0,low
1911,2,28,112,94,41,53,20,18,22,16,9,2.54,0.436,high
1912,5,28,420,345,345,0,60,75,0,0,0,2.63,1.0,low
1913,3,37,333,285,107,178,53,48,67,48,11,2.7,0.375,high
1914,5,22,220,183,183,0,37,37,0,0,0,2.72,1.0,low
1915,5,21,315,265,120,145,61,50,46,41,6,2.52,0.453,high
1916,3,41,369,297,297,0,57,72,0,0,0,2.95,1.0,low
1917,1,28,28,20,20,0,4,8,0,0,0,2.2,1.0,low
1918,3,25,150,127,76,51,33,23,13,17,3,2.85,0.598,high
1919,3,40,360,314,218,96,107,46,40,32,6,2.77,0.694,high
1920,2,32,64,55,37,18,20,9,8,3,3,2.38,0.673,high
1921,1,23,23,15,15,0,3,8,0,0,0,1.4,1.0,low
1922,3,32,288,234,90,144,43,54,46,38,7,2.57,0.385,high
1923,5,40,400,332,151,181,70,68,53,62,6,2.68,0.455,high
1924,1,39,39,35,13,22,9,4,9,8,5,2.49,0.371,high
1925,3,29,87,78,34,44,19,9,13,13,5,2.51,0.436,high
1926,5,41,410,363,139,224,59,47,72,64,8,2.72,0.383,high
1927,4,36,432,357,357,0,79,75,0,0,0,2.81,1.0,low
1928,5,39,390,337,225,112,112,53,44,27,7,2.63,0.668,high
1929,3,25,75,61,61,0,16,14,0,0,0,3.06,1.0,low
1930,5,40,600,530,343,187,164,70,68,48,6,2.68,0.647,high
1931,3,24,72,64,43,21,19,8,8,5,5,2.82,0.672,high
1932,1,32,32,27,27,0,7,5,0,0,0,2.47,1.0,low
1933,5,29,145,116,116,0,27,29,0,0,0,2.81,1.0,low
1934,3,42,378,304,304,0,55,74,0,0,0,2.53,1.0,low
1935,4,37,148,123,42,81,21,25,18,21,8,2.88,0.341,high
1936,2,25,50,41,41,0,7,9,0,0,0,2.88,1.0,low
1937,2,32,128,106,68,38,37,22,12,6,2,2.83,0.642,high
1938,3,30,90,71,71,0,17,19,0,0,0,2.44,1.0,low
1939,1,22,22,21,12,9,7,1,2,2,4,3.06,0.571,high
1940,2,25,50,38,14,24,10,12,11,9,5,2.18,0.368,high
1941,3,22,132,111,76,35,51,21,6,12,3,2.78,0.685,high
1942,4,25,300,244,244,0,51,56,0,0,0,2.75,1.0,low
1943,4,32,256,206,81,125,40,50,45,30,7,2.7,0.393,high
1944,1,32,32,27,18,9,5,5,4,3,4,3.02,0.667,medium
1945,1,31,31,26,17,9,7,5,1,1,2,2.48,0.654,high
1946,1,39,39,34,21,13,14,5,3,3,2,2.86,0.618,medium
1947,3,35,210,172,73,99,32,38,31,31,8,2.98,0.424,high
1948,2,33,66,52,35,17,20,14,4,3,4,2.83,0.673,high
1949,4,37,296,261,169,92,90,35,28,25,3,2.78,0.648,high
1950,2,30,60,46,46,0,10,14,0,0,0,2.92,1.0,low
1951,3,30,180,143,143,0,28,37,0,0,0,3.13,1.0,low
1952,3,38,342,299,203,96,108,43,29,34,4,2.8,0.679,high
1953,5,37,185,152,152,0,34,33,0,0,0,2.86,1.0,low
1954,2,31,124,105,71,34,33,19,7,6,4,2.7,0.676,high
1955,4,23,92,78,78,0,11,14,0,0,0,2.7,1.0,low
1956,1,36,36,31,31,0,8,5,0,0,0,3.3,1.0,low
1957,2,26,104,92,58,34,22,12,9,12,6,2.41,0.63,high
1958,4,35,280,234,234,0,53,46,0,0,0,2.47,1.0,low
1959,1,27,27,22,22,0,5,5,0,0,0,3.0,1.0,low
1960,5,25,250,220,151,69,71,30,19,24,3,2.58,0.686,high
1961,4,40,160,139,42,97,19,21,34,31,11,3.08,0.302,high
1962,3,37,333,286,113,173,52,47,61,48,11,2.76,0.395,high
1963,5,41,615,487,487,0,92,128,0,0,0,2.87,1.0,low
1964,4,29,348,297,126,171,60,51,68,49,5,2.7,0.424,high
1965,3,27,81,63,63,0,11,18,0,0,0,2.73,1.0,low
1966,1,36,36,30,30,0,6,6,0,0,0,3.36,1.0,low
1967,2,25,100,87,57,30,28,13,12,12,3,2.44,0.655,high
1968,5,25,375,328,212,116,107,47,44,45,4,2.62,0.646,high
1969,4,27,216,190,124,66,66,26,24,25,4,2.81,0.653,high
1970,5,34,510,417,177,240,89,93,80,59,6,2.84,0.424,high
1971,1,25,25,21,21,0,6,4,0,0,0,2.74,1.0,low
1972,1,36,36,31,31,0,6,5,0,0,0,2.54,1.0,low
1973,3,41,123,108,68,40,30,15,16,9,3,2.55,0.63,high
1974,3,26,78,65,65,0,12,13,0,0,0,2.0,1.0,low
1975,4,33,396,324,324,0,56,72,0,0,0,2.76,1.0,low
1976,1,25,25,18,18,0,3,7,0,0,0,2.17,1.0,low
1977,4,26,104,89,89,0,20,15,0,0,0,2.98,1.0,low
1978,5,41,410,346,346,0,68,64,0,0,0,2.81,1.0,low
1979,3,32,192,162,162,0,27,30,0,0,0,2.42,1.0,low
1980,3,25,150,119,119,0,28,31,0,0,0,2.88,1.0,low
1981,4,32,128,111,40,71,14,17,30,16,8,2.55,0.36,high
1982,2,25,100,81,81,0,12,19,0,0,0,2.58,1.0,low
1983,2,36,144,113,113,0,18,31,0,0,0,2.68,1.0,low
1984,2,22,44,35,25,10,15,9,5,5,3,2.8,0.714,medium
1985,5,22,330,278,179,99,85,52,31,28,6,2.77,0.644,high
1986,2,23,46,43,43,0,15,3,0,0,0,2.56,1.0,low
1987,4,32,384,338,213,125,92,46,41,34,3,2.58,0.63,high
1988,4,25,100,82,82,0,14,18,0,0,0,2.54,1.0,low
1989,2,27,54,45,31,14,17,9,6,5,2,2.59,0.689,high
1990,5,23,345,300,122,178,61,45,56,48,7,2.47,0.407,high
1991,3,23,207,174,174,0,37,33,0,0,0,2.75,1.0,low
1992,5,32,320,277,183,94,93,43,26,26,7,2.91,0.661,high
1993,1,33,33,31,20,11,10,2,2,2,4,2.12,0.645,high
1994,2,38,152,127,127,0,34,25,0,0,0,2.47,1.0,low
1995,1,32,32,30,15,15,5,2,3,3,3,2.84,0.5,high
1996,5,38,570,488,488,0,96,82,0,0,0,2.85,1.0,low
1997,1,28,28,24,14,10,4,4,4,0,3,3.14,0.583,high
1998,1,41,41,36,22,14,12,5,2,4,2,3.26,0.611,high
1999,4,34,136,109,109,0,25,27,0,0,0,2.71,1.0,low
2000,5,25,125,110,74,36,40,15,13,14,2,2.76,0.673,high
