patient_id,medications,scheduled_doses,observed_doses,taken_doses,missed_doses,late_doses,not_recorded_doses,evening_misses,weekend_misses,consecutive_missed_max,average_delay_hours,adherence_rate
1,1.0,37.0,27.0,27.0,0.0,4.0,10.0,0.0,0.0,0.0,2.02,1.0
2,2.0,112.0,88.0,88.0,0.0,21.0,24.0,0.0,0.0,0.0,2.47,1.0
3,5.0,295.0,235.0,235.0,0.0,66.0,60.0,0.0,0.0,0.0,2.55,1.0
4,3.0,348.0,277.0,222.0,55.0,108.0,71.0,20.0,19.0,3.0,2.94,0.801
5,5.0,690.0,563.0,439.0,124.0,228.0,127.0,35.0,33.0,3.0,2.7,0.78
6,1.0,31.0,27.0,25.0,2.0,9.0,4.0,1.0,1.0,1.0,2.51,0.926
7,4.0,124.0,102.0,53.0,49.0,26.0,22.0,12.0,10.0,5.0,2.5,0.52
8,3.0,123.0,97.0,97.0,0.0,24.0,26.0,0.0,0.0,0.0,2.5,1.0
9,3.0,171.0,141.0,113.0,28.0,63.0,30.0,11.0,6.0,3.0,3.04,0.801
10,1.0,46.0,37.0,16.0,21.0,8.0,9.0,5.0,7.0,5.0,2.51,0.432
11,5.0,210.0,169.0,132.0,37.0,67.0,41.0,15.0,7.0,3.0,2.98,0.781
12,5.0,450.0,371.0,295.0,76.0,151.0,79.0,24.0,17.0,3.0,2.76,0.795
13,1.0,57.0,49.0,39.0,10.0,15.0,8.0,4.0,4.0,2.0,2.96,0.796
14,3.0,324.0,270.0,201.0,69.0,97.0,54.0,25.0,20.0,6.0,2.9,0.744
15,2.0,64.0,55.0,30.0,25.0,11.0,9.0,11.0,5.0,3.0,2.46,0.545
16,4.0,124.0,104.0,87.0,17.0,36.0,20.0,7.0,3.0,2.0,2.57,0.837
17,3.0,324.0,260.0,260.0,0.0,70.0,64.0,0.0,0.0,0.0,2.68,1.0
18,1.0,38.0,27.0,27.0,0.0,5.0,11.0,0.0,0.0,0.0,3.56,1.0
19,3.0,180.0,151.0,62.0,89.0,29.0,29.0,28.0,23.0,6.0,2.74,0.411
20,1.0,36.0,28.0,21.0,7.0,10.0,8.0,2.0,1.0,2.0,3.43,0.75
21,2.0,136.0,112.0,46.0,66.0,21.0,24.0,26.0,17.0,4.0,2.5,0.411
22,4.0,220.0,181.0,143.0,38.0,70.0,39.0,16.0,9.0,2.0,2.39,0.79
23,3.0,117.0,91.0,91.0,0.0,24.0,26.0,0.0,0.0,0.0,2.62,1.0
24,4.0,516.0,410.0,337.0,73.0,167.0,106.0,20.0,26.0,2.0,2.92,0.822
25,2.0,102.0,83.0,66.0,17.0,26.0,19.0,6.0,4.0,2.0,2.71,0.795
26,1.0,42.0,37.0,37.0,0.0,4.0,5.0,0.0,0.0,0.0,2.2,1.0
27,3.0,495.0,410.0,410.0,0.0,118.0,85.0,0.0,0.0,0.0,2.76,1.0
28,5.0,495.0,389.0,389.0,0.0,103.0,106.0,0.0,0.0,0.0,2.8,1.0
29,2.0,68.0,60.0,60.0,0.0,13.0,8.0,0.0,0.0,0.0,3.07,1.0
30,1.0,48.0,39.0,19.0,20.0,9.0,9.0,6.0,8.0,3.0,2.77,0.487
31,2.0,88.0,74.0,57.0,17.0,27.0,14.0,6.0,3.0,2.0,2.63,0.77
32,4.0,344.0,269.0,269.0,0.0,64.0,75.0,0.0,0.0,0.0,2.83,1.0
33,3.0,165.0,143.0,120.0,23.0,57.0,22.0,9.0,8.0,3.0,2.74,0.839
34,5.0,270.0,220.0,113.0,107.0,59.0,50.0,39.0,28.0,5.0,2.83,0.514
35,3.0,153.0,133.0,133.0,0.0,32.0,20.0,0.0,0.0,0.0,2.81,1.0
36,4.0,612.0,515.0,413.0,102.0,214.0,97.0,26.0,19.0,4.0,2.73,0.802
37,2.0,108.0,90.0,90.0,0.0,23.0,18.0,0.0,0.0,0.0,3.18,1.0
38,2.0,152.0,120.0,120.0,0.0,21.0,32.0,0.0,0.0,0.0,2.26,1.0
39,2.0,172.0,140.0,140.0,0.0,31.0,32.0,0.0,0.0,0.0,2.66,1.0
40,2.0,184.0,143.0,143.0,0.0,35.0,41.0,0.0,0.0,0.0,2.89,1.0
41,4.0,588.0,453.0,453.0,0.0,109.0,135.0,0.0,0.0,0.0,2.71,1.0
42,1.0,51.0,38.0,18.0,20.0,9.0,13.0,8.0,5.0,4.0,2.22,0.474
43,1.0,48.0,38.0,19.0,19.0,9.0,10.0,5.0,4.0,2.0,2.65,0.5
44,5.0,245.0,196.0,196.0,0.0,50.0,49.0,0.0,0.0,0.0,3.17,1.0
45,4.0,440.0,359.0,288.0,71.0,148.0,81.0,22.0,18.0,4.0,2.8,0.802
46,2.0,76.0,63.0,34.0,29.0,20.0,13.0,9.0,7.0,4.0,2.83,0.54
47,2.0,114.0,99.0,80.0,19.0,42.0,15.0,7.0,5.0,3.0,2.76,0.808
48,4.0,456.0,358.0,189.0,169.0,114.0,98.0,56.0,49.0,5.0,2.72,0.528
49,3.0,294.0,236.0,236.0,0.0,60.0,58.0,0.0,0.0,0.0,2.72,1.0
50,3.0,477.0,384.0,384.0,0.0,99.0,93.0,0.0,0.0,0.0,2.88,1.0
51,5.0,540.0,425.0,228.0,197.0,113.0,115.0,64.0,48.0,6.0,2.87,0.536
52,5.0,660.0,543.0,433.0,110.0,217.0,117.0,36.0,28.0,4.0,2.66,0.797
53,1.0,57.0,45.0,45.0,0.0,12.0,12.0,0.0,0.0,0.0,3.32,1.0
54,2.0,78.0,60.0,60.0,0.0,15.0,18.0,0.0,0.0,0.0,2.75,1.0
55,5.0,465.0,377.0,190.0,187.0,81.0,88.0,67.0,48.0,8.0,2.74,0.504
56,2.0,140.0,115.0,115.0,0.0,29.0,25.0,0.0,0.0,0.0,3.15,1.0
57,1.0,34.0,29.0,15.0,14.0,7.0,5.0,7.0,3.0,2.0,1.87,0.517
58,4.0,344.0,278.0,278.0,0.0,75.0,66.0,0.0,0.0,0.0,2.67,1.0
59,5.0,555.0,446.0,347.0,99.0,185.0,109.0,33.0,29.0,4.0,2.68,0.778
60,4.0,540.0,433.0,433.0,0.0,115.0,107.0,0.0,0.0,0.0,2.76,1.0
61,5.0,330.0,274.0,274.0,0.0,72.0,56.0,0.0,0.0,0.0,2.65,1.0
62,5.0,495.0,412.0,329.0,83.0,160.0,83.0,32.0,13.0,3.0,2.79,0.799
63,2.0,148.0,116.0,116.0,0.0,32.0,32.0,0.0,0.0,0.0,2.85,1.0
64,3.0,423.0,350.0,278.0,72.0,149.0,73.0,28.0,15.0,3.0,2.77,0.794
65,2.0,144.0,113.0,56.0,57.0,26.0,31.0,19.0,18.0,5.0,2.81,0.496
66,1.0,52.0,40.0,31.0,9.0,17.0,12.0,2.0,1.0,2.0,2.6,0.775
67,2.0,80.0,63.0,63.0,0.0,19.0,17.0,0.0,0.0,0.0,2.49,1.0
68,5.0,615.0,520.0,409.0,111.0,189.0,95.0,39.0,26.0,4.0,2.68,0.787
69,5.0,195.0,154.0,154.0,0.0,40.0,41.0,0.0,0.0,0.0,2.74,1.0
70,5.0,810.0,657.0,552.0,105.0,261.0,153.0,34.0,29.0,3.0,2.75,0.84
71,4.0,456.0,371.0,183.0,188.0,99.0,85.0,62.0,48.0,6.0,2.88,0.493
72,2.0,98.0,78.0,59.0,19.0,27.0,20.0,8.0,5.0,3.0,2.58,0.756
73,2.0,140.0,115.0,115.0,0.0,34.0,25.0,0.0,0.0,0.0,3.05,1.0
74,2.0,76.0,62.0,53.0,9.0,23.0,14.0,6.0,1.0,2.0,2.74,0.855
75,4.0,408.0,332.0,332.0,0.0,83.0,76.0,0.0,0.0,0.0,2.67,1.0
76,4.0,384.0,304.0,304.0,0.0,70.0,80.0,0.0,0.0,0.0,2.54,1.0
77,4.0,408.0,333.0,156.0,177.0,89.0,75.0,55.0,55.0,6.0,2.77,0.468
78,3.0,351.0,285.0,224.0,61.0,126.0,66.0,20.0,20.0,3.0,2.85,0.786
79,4.0,432.0,363.0,363.0,0.0,92.0,69.0,0.0,0.0,0.0,2.89,1.0
80,4.0,516.0,413.0,331.0,82.0,173.0,103.0,26.0,29.0,4.0,2.75,0.801
81,3.0,468.0,375.0,173.0,202.0,77.0,93.0,73.0,60.0,6.0,2.95,0.461
82,1.0,43.0,39.0,31.0,8.0,15.0,4.0,2.0,1.0,2.0,2.85,0.795
83,2.0,152.0,122.0,122.0,0.0,34.0,30.0,0.0,0.0,0.0,2.79,1.0
84,1.0,43.0,37.0,37.0,0.0,9.0,6.0,0.0,0.0,0.0,2.57,1.0
85,3.0,135.0,109.0,56.0,53.0,28.0,26.0,21.0,12.0,4.0,2.99,0.514
86,4.0,472.0,375.0,195.0,180.0,93.0,97.0,63.0,50.0,6.0,2.89,0.52
87,3.0,108.0,88.0,40.0,48.0,20.0,20.0,16.0,14.0,5.0,2.95,0.455
88,1.0,37.0,32.0,17.0,15.0,9.0,5.0,5.0,2.0,4.0,3.52,0.531
89,5.0,300.0,252.0,193.0,59.0,93.0,48.0,16.0,17.0,4.0,2.77,0.766
90,2.0,100.0,86.0,86.0,0.0,21.0,14.0,0.0,0.0,0.0,3.34,1.0
91,3.0,177.0,141.0,141.0,0.0,40.0,36.0,0.0,0.0,0.0,2.63,1.0
92,1.0,41.0,36.0,23.0,13.0,7.0,5.0,4.0,2.0,3.0,2.65,0.639
93,3.0,306.0,251.0,202.0,49.0,106.0,55.0,12.0,13.0,3.0,2.56,0.805
94,5.0,320.0,265.0,142.0,123.0,63.0,55.0,40.0,29.0,5.0,2.92,0.536
95,1.0,30.0,23.0,23.0,0.0,6.0,7.0,0.0,0.0,0.0,1.65,1.0
96,4.0,204.0,166.0,129.0,37.0,75.0,38.0,8.0,11.0,3.0,2.77,0.777
97,4.0,600.0,489.0,256.0,233.0,116.0,111.0,85.0,60.0,5.0,2.56,0.524
98,5.0,210.0,178.0,148.0,30.0,78.0,32.0,10.0,10.0,3.0,2.62,0.831
99,5.0,510.0,421.0,334.0,87.0,155.0,89.0,25.0,21.0,2.0,2.75,0.793
100,4.0,164.0,133.0,133.0,0.0,35.0,31.0,0.0,0.0,0.0,2.63,1.0
101,2.0,90.0,75.0,75.0,0.0,22.0,15.0,0.0,0.0,0.0,2.33,1.0
102,1.0,55.0,44.0,40.0,4.0,21.0,11.0,2.0,1.0,1.0,3.12,0.909
103,4.0,196.0,160.0,160.0,0.0,41.0,36.0,0.0,0.0,0.0,3.08,1.0
104,1.0,52.0,37.0,37.0,0.0,10.0,15.0,0.0,0.0,0.0,2.75,1.0
105,5.0,825.0,688.0,539.0,149.0,275.0,137.0,53.0,39.0,5.0,2.61,0.783
106,2.0,160.0,132.0,132.0,0.0,35.0,28.0,0.0,0.0,0.0,2.44,1.0
107,3.0,144.0,117.0,94.0,23.0,45.0,27.0,8.0,5.0,2.0,2.54,0.803
108,2.0,120.0,95.0,95.0,0.0,31.0,25.0,0.0,0.0,0.0,2.47,1.0
109,5.0,350.0,268.0,268.0,0.0,64.0,82.0,0.0,0.0,0.0,2.76,1.0
110,2.0,86.0,68.0,68.0,0.0,20.0,18.0,0.0,0.0,0.0,2.45,1.0
111,1.0,58.0,42.0,42.0,0.0,12.0,16.0,0.0,0.0,0.0,2.95,1.0
112,2.0,84.0,69.0,56.0,13.0,24.0,15.0,6.0,3.0,1.0,2.91,0.812
113,2.0,224.0,181.0,181.0,0.0,46.0,43.0,0.0,0.0,0.0,2.56,1.0
114,4.0,684.0,533.0,533.0,0.0,124.0,151.0,0.0,0.0,0.0,2.71,1.0
115,4.0,432.0,363.0,288.0,75.0,145.0,69.0,22.0,18.0,3.0,2.78,0.793
116,5.0,340.0,270.0,233.0,37.0,113.0,70.0,11.0,13.0,2.0,2.67,0.863
117,3.0,228.0,178.0,178.0,0.0,47.0,50.0,0.0,0.0,0.0,2.73,1.0
118,5.0,780.0,623.0,333.0,290.0,165.0,157.0,89.0,78.0,6.0,2.78,0.535
119,5.0,215.0,166.0,74.0,92.0,32.0,49.0,27.0,25.0,5.0,2.89,0.446
120,1.0,41.0,35.0,28.0,7.0,11.0,6.0,2.0,2.0,2.0,2.89,0.8
121,1.0,53.0,42.0,42.0,0.0,10.0,11.0,0.0,0.0,0.0,2.89,1.0
122,5.0,180.0,152.0,152.0,0.0,36.0,28.0,0.0,0.0,0.0,2.83,1.0
123,2.0,192.0,161.0,161.0,0.0,35.0,31.0,0.0,0.0,0.0,2.47,1.0
124,5.0,410.0,335.0,335.0,0.0,81.0,75.0,0.0,0.0,0.0,2.83,1.0
125,3.0,324.0,267.0,267.0,0.0,60.0,57.0,0.0,0.0,0.0,2.47,1.0
126,5.0,230.0,187.0,148.0,39.0,78.0,43.0,14.0,9.0,4.0,2.54,0.791
127,2.0,152.0,129.0,72.0,57.0,33.0,23.0,20.0,19.0,4.0,2.69,0.558
128,4.0,196.0,159.0,128.0,31.0,75.0,37.0,13.0,12.0,3.0,2.73,0.805
129,5.0,255.0,198.0,150.0,48.0,58.0,57.0,13.0,12.0,3.0,2.95,0.758
130,3.0,348.0,281.0,281.0,0.0,89.0,67.0,0.0,0.0,0.0,2.62,1.0
131,4.0,200.0,168.0,128.0,40.0,60.0,32.0,12.0,12.0,3.0,2.93,0.762
132,3.0,405.0,341.0,278.0,63.0,137.0,64.0,26.0,16.0,3.0,2.62,0.815
133,2.0,104.0,78.0,34.0,44.0,14.0,26.0,11.0,12.0,4.0,2.47,0.436
134,4.0,144.0,117.0,64.0,53.0,43.0,27.0,17.0,11.0,4.0,2.44,0.547
135,5.0,450.0,367.0,367.0,0.0,90.0,83.0,0.0,0.0,0.0,2.62,1.0
136,3.0,246.0,201.0,201.0,0.0,53.0,45.0,0.0,0.0,0.0,2.6,1.0
137,2.0,236.0,198.0,157.0,41.0,81.0,38.0,25.0,8.0,3.0,2.64,0.793
138,3.0,123.0,98.0,98.0,0.0,21.0,25.0,0.0,0.0,0.0,2.44,1.0
139,4.0,280.0,228.0,228.0,0.0,60.0,52.0,0.0,0.0,0.0,2.81,1.0
140,5.0,490.0,391.0,186.0,205.0,101.0,99.0,60.0,49.0,6.0,2.88,0.476
141,1.0,47.0,44.0,44.0,0.0,12.0,3.0,0.0,0.0,0.0,2.66,1.0
142,4.0,124.0,102.0,79.0,23.0,39.0,22.0,11.0,9.0,2.0,2.7,0.775
143,5.0,190.0,149.0,77.0,72.0,39.0,41.0,21.0,16.0,5.0,2.61,0.517
144,5.0,255.0,199.0,100.0,99.0,51.0,56.0,39.0,22.0,6.0,2.48,0.503
145,2.0,128.0,108.0,108.0,0.0,29.0,20.0,0.0,0.0,0.0,2.99,1.0
146,1.0,58.0,48.0,44.0,4.0,25.0,10.0,1.0,2.0,1.0,2.63,0.917
147,3.0,99.0,82.0,40.0,42.0,20.0,17.0,13.0,9.0,4.0,2.37,0.488
148,4.0,408.0,338.0,179.0,159.0,91.0,70.0,57.0,41.0,5.0,2.83,0.53
149,5.0,765.0,659.0,539.0,120.0,252.0,106.0,40.0,35.0,2.0,2.69,0.818
150,1.0,49.0,41.0,41.0,0.0,10.0,8.0,0.0,0.0,0.0,3.06,1.0
151,4.0,444.0,359.0,189.0,170.0,96.0,85.0,53.0,44.0,7.0,3.03,0.526
152,3.0,108.0,93.0,76.0,17.0,42.0,15.0,5.0,4.0,2.0,2.27,0.817
153,1.0,37.0,26.0,26.0,0.0,8.0,11.0,0.0,0.0,0.0,2.46,1.0
154,5.0,645.0,538.0,421.0,117.0,214.0,107.0,39.0,29.0,3.0,2.74,0.783
155,4.0,492.0,408.0,327.0,81.0,145.0,84.0,27.0,20.0,3.0,2.56,0.801
156,1.0,42.0,33.0,19.0,14.0,7.0,9.0,4.0,3.0,3.0,2.99,0.576
157,3.0,330.0,284.0,222.0,62.0,105.0,46.0,17.0,15.0,4.0,2.92,0.782
158,1.0,44.0,33.0,33.0,0.0,11.0,11.0,0.0,0.0,0.0,3.11,1.0
159,5.0,705.0,587.0,466.0,121.0,228.0,118.0,36.0,35.0,6.0,2.66,0.794
160,5.0,765.0,614.0,614.0,0.0,162.0,151.0,0.0,0.0,0.0,2.71,1.0
161,2.0,232.0,191.0,162.0,29.0,72.0,41.0,10.0,4.0,2.0,2.68,0.848
162,1.0,52.0,42.0,29.0,13.0,12.0,10.0,3.0,3.0,4.0,3.14,0.69
163,4.0,272.0,231.0,184.0,47.0,89.0,41.0,17.0,10.0,2.0,2.67,0.797
164,4.0,416.0,325.0,325.0,0.0,81.0,91.0,0.0,0.0,0.0,2.64,1.0
165,4.0,576.0,470.0,387.0,83.0,195.0,106.0,40.0,23.0,3.0,2.83,0.823
166,2.0,220.0,174.0,174.0,0.0,44.0,46.0,0.0,0.0,0.0,2.61,1.0
167,3.0,138.0,118.0,55.0,63.0,30.0,20.0,21.0,16.0,7.0,2.74,0.466
168,4.0,408.0,336.0,162.0,174.0,79.0,72.0,59.0,45.0,5.0,2.58,0.482
169,5.0,825.0,658.0,316.0,342.0,156.0,167.0,111.0,98.0,6.0,2.72,0.48
170,2.0,136.0,94.0,46.0,48.0,19.0,42.0,20.0,10.0,4.0,2.79,0.489
171,3.0,117.0,92.0,92.0,0.0,24.0,25.0,0.0,0.0,0.0,3.02,1.0
172,5.0,480.0,391.0,391.0,0.0,105.0,89.0,0.0,0.0,0.0,2.8,1.0
173,1.0,54.0,40.0,40.0,0.0,8.0,14.0,0.0,0.0,0.0,3.12,1.0
174,3.0,348.0,285.0,285.0,0.0,58.0,63.0,0.0,0.0,0.0,2.9,1.0
175,4.0,240.0,187.0,187.0,0.0,48.0,53.0,0.0,0.0,0.0,2.92,1.0
176,2.0,94.0,73.0,73.0,0.0,13.0,21.0,0.0,0.0,0.0,2.39,1.0
177,5.0,490.0,373.0,373.0,0.0,89.0,117.0,0.0,0.0,0.0,2.64,1.0
178,1.0,54.0,46.0,36.0,10.0,17.0,8.0,1.0,5.0,1.0,3.01,0.783
179,5.0,490.0,394.0,394.0,0.0,81.0,96.0,0.0,0.0,0.0,2.84,1.0
180,1.0,60.0,50.0,25.0,25.0,11.0,10.0,10.0,5.0,2.0,1.72,0.5
181,4.0,376.0,308.0,308.0,0.0,75.0,68.0,0.0,0.0,0.0,2.74,1.0
182,4.0,376.0,305.0,305.0,0.0,81.0,71.0,0.0,0.0,0.0,2.51,1.0
183,2.0,132.0,114.0,90.0,24.0,44.0,18.0,5.0,5.0,3.0,2.49,0.789
184,1.0,47.0,39.0,20.0,19.0,11.0,8.0,3.0,4.0,4.0,2.82,0.513
185,1.0,43.0,38.0,35.0,3.0,21.0,5.0,2.0,0.0,2.0,2.72,0.921
186,2.0,78.0,63.0,31.0,32.0,21.0,15.0,9.0,9.0,3.0,2.48,0.492
187,3.0,216.0,167.0,167.0,0.0,43.0,49.0,0.0,0.0,0.0,2.68,1.0
188,2.0,160.0,128.0,110.0,18.0,50.0,32.0,4.0,6.0,2.0,2.57,0.859
189,4.0,204.0,166.0,166.0,0.0,43.0,38.0,0.0,0.0,0.0,2.87,1.0
190,4.0,420.0,340.0,340.0,0.0,76.0,80.0,0.0,0.0,0.0,2.61,1.0
191,5.0,580.0,471.0,216.0,255.0,104.0,109.0,93.0,75.0,6.0,2.8,0.459
192,1.0,44.0,36.0,36.0,0.0,8.0,8.0,0.0,0.0,0.0,2.11,1.0
193,2.0,220.0,179.0,179.0,0.0,38.0,41.0,0.0,0.0,0.0,2.65,1.0
194,5.0,510.0,435.0,339.0,96.0,162.0,75.0,19.0,25.0,3.0,2.83,0.779
195,3.0,204.0,167.0,167.0,0.0,43.0,37.0,0.0,0.0,0.0,2.95,1.0
196,2.0,172.0,134.0,71.0,63.0,38.0,38.0,23.0,20.0,4.0,2.52,0.53
197,1.0,49.0,45.0,38.0,7.0,16.0,4.0,4.0,3.0,2.0,2.37,0.844
198,1.0,43.0,39.0,31.0,8.0,16.0,4.0,5.0,2.0,4.0,3.06,0.795
199,5.0,285.0,221.0,221.0,0.0,51.0,64.0,0.0,0.0,0.0,2.41,1.0
200,4.0,120.0,98.0,78.0,20.0,38.0,22.0,6.0,7.0,1.0,2.63,0.796
201,1.0,52.0,40.0,30.0,10.0,14.0,12.0,4.0,3.0,2.0,2.66,0.75
202,4.0,312.0,244.0,137.0,107.0,67.0,68.0,39.0,25.0,4.0,2.95,0.561
203,3.0,342.0,279.0,141.0,138.0,69.0,63.0,49.0,40.0,5.0,2.78,0.505
204,4.0,128.0,99.0,99.0,0.0,20.0,29.0,0.0,0.0,0.0,2.61,1.0
205,1.0,42.0,32.0,32.0,0.0,9.0,10.0,0.0,0.0,0.0,2.47,1.0
206,1.0,33.0,28.0,16.0,12.0,6.0,5.0,1.0,2.0,2.0,3.98,0.571
207,4.0,192.0,153.0,153.0,0.0,42.0,39.0,0.0,0.0,0.0,2.83,1.0
208,2.0,100.0,81.0,68.0,13.0,37.0,19.0,2.0,5.0,2.0,2.97,0.84
209,4.0,240.0,189.0,147.0,42.0,71.0,51.0,11.0,13.0,2.0,2.55,0.778
210,5.0,540.0,443.0,443.0,0.0,124.0,97.0,0.0,0.0,0.0,2.78,1.0
211,4.0,240.0,193.0,193.0,0.0,50.0,47.0,0.0,0.0,0.0,2.65,1.0
212,2.0,240.0,191.0,101.0,90.0,53.0,49.0,27.0,28.0,5.0,2.7,0.529
213,5.0,675.0,557.0,441.0,116.0,224.0,118.0,34.0,31.0,4.0,2.82,0.792
214,1.0,56.0,41.0,20.0,21.0,9.0,15.0,7.0,4.0,3.0,2.59,0.488
215,2.0,240.0,203.0,203.0,0.0,46.0,37.0,0.0,0.0,0.0,2.84,1.0
216,2.0,220.0,182.0,146.0,36.0,74.0,38.0,12.0,11.0,2.0,2.89,0.802
217,3.0,450.0,386.0,304.0,82.0,154.0,64.0,22.0,25.0,3.0,2.73,0.788
218,2.0,102.0,75.0,44.0,31.0,24.0,27.0,11.0,7.0,4.0,2.59,0.587
219,2.0,64.0,51.0,51.0,0.0,21.0,13.0,0.0,0.0,0.0,3.2,1.0
220,5.0,480.0,392.0,392.0,0.0,103.0,88.0,0.0,0.0,0.0,2.83,1.0
221,1.0,45.0,36.0,26.0,10.0,19.0,9.0,5.0,1.0,4.0,3.86,0.722
222,2.0,172.0,134.0,134.0,0.0,30.0,38.0,0.0,0.0,0.0,2.9,1.0
223,3.0,294.0,248.0,209.0,39.0,98.0,46.0,13.0,14.0,2.0,2.87,0.843
224,4.0,296.0,247.0,193.0,54.0,93.0,49.0,16.0,8.0,4.0,2.87,0.781
225,1.0,34.0,24.0,16.0,8.0,9.0,10.0,2.0,3.0,2.0,2.93,0.667
226,1.0,56.0,45.0,17.0,28.0,10.0,11.0,10.0,11.0,4.0,3.09,0.378
227,5.0,540.0,446.0,221.0,225.0,102.0,94.0,77.0,51.0,7.0,2.61,0.496
228,1.0,45.0,34.0,34.0,0.0,9.0,11.0,0.0,0.0,0.0,3.64,1.0
229,5.0,225.0,189.0,189.0,0.0,41.0,36.0,0.0,0.0,0.0,2.37,1.0
230,3.0,228.0,185.0,185.0,0.0,42.0,43.0,0.0,0.0,0.0,2.99,1.0
231,2.0,240.0,190.0,157.0,33.0,75.0,50.0,14.0,8.0,3.0,2.8,0.826
232,5.0,585.0,497.0,387.0,110.0,202.0,88.0,40.0,21.0,4.0,2.7,0.779
233,1.0,42.0,34.0,34.0,0.0,13.0,8.0,0.0,0.0,0.0,2.34,1.0
234,2.0,60.0,48.0,48.0,0.0,13.0,12.0,0.0,0.0,0.0,2.0,1.0
235,3.0,147.0,124.0,94.0,30.0,51.0,23.0,10.0,8.0,2.0,2.72,0.758
236,2.0,152.0,129.0,99.0,30.0,57.0,23.0,14.0,8.0,3.0,2.37,0.767
237,3.0,450.0,353.0,176.0,177.0,94.0,97.0,63.0,45.0,7.0,2.5,0.499
238,2.0,76.0,58.0,58.0,0.0,10.0,18.0,0.0,0.0,0.0,2.88,1.0
239,3.0,135.0,114.0,100.0,14.0,50.0,21.0,6.0,5.0,2.0,2.37,0.877
240,2.0,232.0,181.0,181.0,0.0,40.0,51.0,0.0,0.0,0.0,2.98,1.0
241,4.0,188.0,147.0,147.0,0.0,46.0,41.0,0.0,0.0,0.0,2.85,1.0
242,5.0,450.0,359.0,359.0,0.0,88.0,91.0,0.0,0.0,0.0,2.88,1.0
243,3.0,423.0,331.0,156.0,175.0,86.0,92.0,57.0,38.0,5.0,2.69,0.471
244,5.0,495.0,388.0,388.0,0.0,89.0,107.0,0.0,0.0,0.0,2.61,1.0
245,4.0,376.0,311.0,311.0,0.0,79.0,65.0,0.0,0.0,0.0,2.44,1.0
246,4.0,424.0,331.0,157.0,174.0,85.0,93.0,64.0,44.0,7.0,2.64,0.474
247,2.0,112.0,91.0,49.0,42.0,27.0,21.0,18.0,11.0,4.0,2.96,0.538
248,4.0,272.0,215.0,215.0,0.0,61.0,57.0,0.0,0.0,0.0,2.83,1.0
249,4.0,720.0,600.0,479.0,121.0,243.0,120.0,44.0,32.0,3.0,2.81,0.798
250,4.0,344.0,281.0,281.0,0.0,67.0,63.0,0.0,0.0,0.0,2.38,1.0
251,3.0,117.0,91.0,91.0,0.0,18.0,26.0,0.0,0.0,0.0,2.87,1.0
252,2.0,184.0,145.0,145.0,0.0,30.0,39.0,0.0,0.0,0.0,2.67,1.0
253,1.0,36.0,31.0,17.0,14.0,8.0,5.0,3.0,1.0,2.0,2.64,0.548
254,2.0,90.0,72.0,72.0,0.0,19.0,18.0,0.0,0.0,0.0,2.9,1.0
255,5.0,525.0,426.0,426.0,0.0,102.0,99.0,0.0,0.0,0.0,2.9,1.0
256,5.0,555.0,446.0,446.0,0.0,109.0,109.0,0.0,0.0,0.0,2.6,1.0
257,4.0,180.0,155.0,67.0,88.0,33.0,25.0,35.0,19.0,10.0,2.95,0.432
258,4.0,720.0,583.0,583.0,0.0,155.0,137.0,0.0,0.0,0.0,2.83,1.0
259,3.0,186.0,150.0,71.0,79.0,38.0,36.0,25.0,16.0,7.0,2.7,0.473
260,5.0,430.0,361.0,175.0,186.0,88.0,69.0,59.0,52.0,6.0,2.94,0.485
261,5.0,705.0,573.0,573.0,0.0,140.0,132.0,0.0,0.0,0.0,2.75,1.0
262,2.0,184.0,137.0,67.0,70.0,34.0,47.0,18.0,15.0,3.0,3.04,0.489
263,5.0,250.0,203.0,203.0,0.0,46.0,47.0,0.0,0.0,0.0,2.89,1.0
264,2.0,86.0,61.0,61.0,0.0,13.0,25.0,0.0,0.0,0.0,2.28,1.0
265,5.0,290.0,236.0,236.0,0.0,56.0,54.0,0.0,0.0,0.0,2.71,1.0
266,2.0,224.0,179.0,75.0,104.0,36.0,45.0,43.0,28.0,6.0,2.56,0.419
267,5.0,200.0,169.0,140.0,29.0,62.0,31.0,7.0,7.0,2.0,2.57,0.828
268,4.0,392.0,308.0,150.0,158.0,68.0,84.0,45.0,49.0,6.0,2.75,0.487
269,2.0,204.0,164.0,131.0,33.0,58.0,40.0,9.0,8.0,3.0,3.01,0.799
270,5.0,540.0,418.0,418.0,0.0,95.0,122.0,0.0,0.0,0.0,2.75,1.0
271,2.0,64.0,54.0,44.0,10.0,28.0,10.0,6.0,2.0,1.0,2.92,0.815
272,3.0,522.0,408.0,215.0,193.0,106.0,114.0,72.0,60.0,6.0,2.58,0.527
273,5.0,840.0,668.0,319.0,349.0,172.0,172.0,116.0,111.0,8.0,2.84,0.478
274,4.0,672.0,521.0,521.0,0.0,123.0,151.0,0.0,0.0,0.0,2.69,1.0
275,4.0,696.0,565.0,565.0,0.0,143.0,131.0,0.0,0.0,0.0,2.68,1.0
276,2.0,114.0,92.0,92.0,0.0,25.0,22.0,0.0,0.0,0.0,2.89,1.0
277,3.0,288.0,228.0,228.0,0.0,56.0,60.0,0.0,0.0,0.0,2.68,1.0
278,5.0,250.0,201.0,201.0,0.0,54.0,49.0,0.0,0.0,0.0,2.87,1.0
279,1.0,50.0,38.0,38.0,0.0,8.0,12.0,0.0,0.0,0.0,2.24,1.0
280,3.0,342.0,275.0,275.0,0.0,60.0,67.0,0.0,0.0,0.0,2.37,1.0
281,2.0,216.0,177.0,177.0,0.0,41.0,39.0,0.0,0.0,0.0,2.92,1.0
282,3.0,246.0,201.0,201.0,0.0,51.0,45.0,0.0,0.0,0.0,2.72,1.0
283,5.0,205.0,163.0,163.0,0.0,46.0,42.0,0.0,0.0,0.0,2.56,1.0
284,1.0,37.0,29.0,15.0,14.0,6.0,8.0,6.0,4.0,5.0,2.76,0.517
285,2.0,120.0,97.0,97.0,0.0,27.0,23.0,0.0,0.0,0.0,2.35,1.0
286,4.0,660.0,549.0,444.0,105.0,219.0,111.0,43.0,20.0,2.0,2.71,0.809
287,2.0,156.0,125.0,108.0,17.0,58.0,31.0,7.0,3.0,2.0,2.5,0.864
288,3.0,477.0,380.0,194.0,186.0,95.0,97.0,67.0,51.0,7.0,2.93,0.511
289,2.0,136.0,109.0,109.0,0.0,25.0,27.0,0.0,0.0,0.0,3.04,1.0
290,1.0,39.0,32.0,32.0,0.0,7.0,7.0,0.0,0.0,0.0,3.07,1.0
291,3.0,276.0,234.0,187.0,47.0,88.0,42.0,17.0,13.0,3.0,2.54,0.799
292,1.0,45.0,36.0,21.0,15.0,13.0,9.0,7.0,4.0,2.0,2.81,0.583
293,3.0,144.0,117.0,93.0,24.0,45.0,27.0,5.0,7.0,3.0,2.89,0.795
294,1.0,40.0,27.0,27.0,0.0,10.0,13.0,0.0,0.0,0.0,2.01,1.0
295,4.0,228.0,184.0,184.0,0.0,48.0,44.0,0.0,0.0,0.0,2.88,1.0
296,2.0,172.0,142.0,95.0,47.0,48.0,30.0,15.0,13.0,4.0,2.6,0.669
297,5.0,390.0,312.0,172.0,140.0,78.0,78.0,46.0,42.0,4.0,2.98,0.551
298,3.0,159.0,121.0,67.0,54.0,27.0,38.0,19.0,17.0,5.0,2.93,0.554
299,4.0,156.0,129.0,70.0,59.0,33.0,27.0,17.0,12.0,6.0,2.76,0.543
300,2.0,140.0,108.0,108.0,0.0,30.0,32.0,0.0,0.0,0.0,2.47,1.0
301,4.0,168.0,143.0,112.0,31.0,52.0,25.0,10.0,11.0,2.0,3.1,0.783
302,2.0,120.0,94.0,78.0,16.0,42.0,26.0,4.0,1.0,2.0,2.67,0.83
303,4.0,192.0,154.0,154.0,0.0,42.0,38.0,0.0,0.0,0.0,2.76,1.0
304,1.0,54.0,44.0,36.0,8.0,15.0,10.0,1.0,2.0,1.0,2.64,0.818
305,5.0,430.0,363.0,284.0,79.0,145.0,67.0,32.0,28.0,3.0,2.73,0.782
306,2.0,92.0,77.0,62.0,15.0,36.0,15.0,4.0,3.0,2.0,2.89,0.805
307,4.0,240.0,200.0,162.0,38.0,79.0,40.0,13.0,7.0,2.0,2.82,0.81
308,3.0,333.0,270.0,129.0,141.0,64.0,63.0,47.0,43.0,9.0,2.65,0.478
309,2.0,62.0,51.0,38.0,13.0,20.0,11.0,3.0,5.0,2.0,2.71,0.745
310,4.0,516.0,430.0,354.0,76.0,160.0,86.0,24.0,15.0,4.0,2.81,0.823
311,3.0,105.0,83.0,63.0,20.0,33.0,22.0,8.0,5.0,2.0,2.8,0.759
312,2.0,120.0,93.0,55.0,38.0,28.0,27.0,15.0,5.0,5.0,2.58,0.591
313,5.0,310.0,254.0,115.0,139.0,63.0,56.0,52.0,39.0,6.0,2.51,0.453
314,3.0,405.0,341.0,282.0,59.0,140.0,64.0,25.0,16.0,3.0,2.72,0.827
315,5.0,570.0,487.0,399.0,88.0,195.0,83.0,27.0,23.0,3.0,2.81,0.819
316,5.0,450.0,372.0,372.0,0.0,84.0,78.0,0.0,0.0,0.0,2.76,1.0
317,3.0,294.0,242.0,122.0,120.0,54.0,52.0,39.0,29.0,5.0,2.99,0.504
318,1.0,46.0,35.0,35.0,0.0,5.0,11.0,0.0,0.0,0.0,2.08,1.0
319,3.0,342.0,274.0,274.0,0.0,60.0,68.0,0.0,0.0,0.0,2.67,1.0
320,4.0,416.0,342.0,172.0,170.0,89.0,74.0,52.0,50.0,5.0,2.76,0.503
321,3.0,111.0,92.0,37.0,55.0,22.0,19.0,19.0,12.0,4.0,2.54,0.402
322,4.0,168.0,133.0,75.0,58.0,47.0,35.0,21.0,19.0,5.0,2.52,0.564
323,3.0,432.0,356.0,181.0,175.0,90.0,76.0,57.0,52.0,7.0,2.75,0.508
324,3.0,114.0,102.0,77.0,25.0,47.0,12.0,13.0,6.0,7.0,2.94,0.755
325,3.0,315.0,263.0,214.0,49.0,106.0,52.0,17.0,12.0,4.0,2.75,0.814
326,1.0,40.0,32.0,32.0,0.0,6.0,8.0,0.0,0.0,0.0,2.39,1.0
327,1.0,58.0,48.0,48.0,0.0,15.0,10.0,0.0,0.0,0.0,3.08,1.0
328,3.0,120.0,97.0,97.0,0.0,22.0,23.0,0.0,0.0,0.0,2.5,1.0
329,3.0,240.0,210.0,178.0,32.0,89.0,30.0,10.0,10.0,2.0,2.57,0.848
330,4.0,312.0,247.0,247.0,0.0,56.0,65.0,0.0,0.0,0.0,2.71,1.0
331,2.0,94.0,80.0,63.0,17.0,30.0,14.0,4.0,5.0,3.0,2.52,0.788
332,2.0,84.0,65.0,65.0,0.0,19.0,19.0,0.0,0.0,0.0,2.5,1.0
333,2.0,208.0,160.0,160.0,0.0,33.0,48.0,0.0,0.0,0.0,2.91,1.0
334,4.0,424.0,356.0,289.0,67.0,139.0,68.0,23.0,17.0,3.0,2.78,0.812
335,5.0,255.0,212.0,212.0,0.0,52.0,43.0,0.0,0.0,0.0,2.76,1.0
336,5.0,600.0,497.0,390.0,107.0,201.0,103.0,40.0,25.0,5.0,2.65,0.785
337,5.0,370.0,293.0,150.0,143.0,64.0,77.0,50.0,43.0,7.0,2.56,0.512
338,2.0,196.0,153.0,74.0,79.0,48.0,43.0,26.0,20.0,4.0,2.91,0.484
339,5.0,175.0,129.0,129.0,0.0,32.0,46.0,0.0,0.0,0.0,2.7,1.0
340,4.0,396.0,317.0,317.0,0.0,75.0,79.0,0.0,0.0,0.0,2.77,1.0
341,5.0,360.0,291.0,240.0,51.0,115.0,69.0,22.0,11.0,3.0,2.92,0.825
342,5.0,795.0,642.0,642.0,0.0,157.0,153.0,0.0,0.0,0.0,2.71,1.0
343,5.0,480.0,376.0,376.0,0.0,74.0,104.0,0.0,0.0,0.0,2.69,1.0
344,1.0,32.0,26.0,10.0,16.0,4.0,6.0,6.0,4.0,7.0,1.65,0.385
345,5.0,245.0,210.0,210.0,0.0,52.0,35.0,0.0,0.0,0.0,2.72,1.0
346,2.0,156.0,120.0,120.0,0.0,33.0,36.0,0.0,0.0,0.0,2.77,1.0
347,4.0,204.0,182.0,153.0,29.0,73.0,22.0,14.0,7.0,2.0,2.67,0.841
348,2.0,188.0,153.0,126.0,27.0,64.0,35.0,16.0,5.0,3.0,2.64,0.824
349,1.0,32.0,24.0,24.0,0.0,6.0,8.0,0.0,0.0,0.0,1.78,1.0
350,5.0,460.0,371.0,278.0,93.0,138.0,89.0,26.0,24.0,3.0,2.84,0.749
351,1.0,54.0,43.0,40.0,3.0,21.0,11.0,1.0,2.0,1.0,2.37,0.93
352,2.0,90.0,70.0,37.0,33.0,19.0,20.0,10.0,7.0,3.0,2.66,0.529
353,4.0,228.0,187.0,187.0,0.0,45.0,41.0,0.0,0.0,0.0,2.88,1.0
354,2.0,102.0,79.0,69.0,10.0,34.0,23.0,1.0,4.0,1.0,2.67,0.873
355,5.0,320.0,275.0,275.0,0.0,69.0,45.0,0.0,0.0,0.0,2.88,1.0
356,2.0,86.0,69.0,53.0,16.0,25.0,17.0,5.0,7.0,4.0,3.19,0.768
357,1.0,32.0,25.0,25.0,0.0,3.0,7.0,0.0,0.0,0.0,3.68,1.0
358,4.0,288.0,239.0,116.0,123.0,52.0,49.0,44.0,32.0,6.0,2.82,0.485
359,3.0,387.0,310.0,310.0,0.0,72.0,77.0,0.0,0.0,0.0,2.91,1.0
360,3.0,186.0,161.0,83.0,78.0,44.0,25.0,32.0,21.0,5.0,2.88,0.516
361,2.0,120.0,90.0,90.0,0.0,26.0,30.0,0.0,0.0,0.0,2.62,1.0
362,5.0,195.0,171.0,143.0,28.0,79.0,24.0,12.0,11.0,3.0,2.74,0.836
363,3.0,96.0,80.0,80.0,0.0,16.0,16.0,0.0,0.0,0.0,3.2,1.0
364,4.0,540.0,464.0,377.0,87.0,186.0,76.0,30.0,27.0,4.0,2.71,0.812
365,3.0,294.0,241.0,241.0,0.0,49.0,53.0,0.0,0.0,0.0,2.38,1.0
366,5.0,260.0,198.0,198.0,0.0,49.0,62.0,0.0,0.0,0.0,2.95,1.0
367,1.0,51.0,45.0,31.0,14.0,11.0,6.0,8.0,4.0,2.0,2.66,0.689
368,5.0,420.0,355.0,282.0,73.0,157.0,65.0,22.0,22.0,4.0,2.68,0.794
369,1.0,49.0,38.0,31.0,7.0,17.0,11.0,2.0,2.0,3.0,2.34,0.816
370,1.0,59.0,49.0,38.0,11.0,17.0,10.0,5.0,5.0,2.0,3.15,0.776
371,5.0,260.0,214.0,171.0,43.0,86.0,46.0,14.0,11.0,4.0,2.6,0.799
372,1.0,60.0,46.0,17.0,29.0,7.0,14.0,15.0,5.0,7.0,2.4,0.37
373,5.0,400.0,309.0,309.0,0.0,82.0,91.0,0.0,0.0,0.0,2.69,1.0
374,3.0,90.0,75.0,53.0,22.0,20.0,15.0,8.0,4.0,2.0,2.82,0.707
375,5.0,520.0,414.0,414.0,0.0,94.0,106.0,0.0,0.0,0.0,2.98,1.0
376,5.0,210.0,167.0,139.0,28.0,57.0,43.0,8.0,9.0,2.0,2.79,0.832
377,4.0,516.0,417.0,417.0,0.0,94.0,99.0,0.0,0.0,0.0,2.82,1.0
378,3.0,312.0,246.0,246.0,0.0,65.0,66.0,0.0,0.0,0.0,2.75,1.0
379,5.0,560.0,456.0,378.0,78.0,196.0,104.0,30.0,19.0,3.0,2.62,0.829
380,2.0,116.0,94.0,50.0,44.0,26.0,22.0,14.0,17.0,6.0,2.93,0.532
381,3.0,297.0,243.0,195.0,48.0,88.0,54.0,13.0,9.0,2.0,2.6,0.802
382,2.0,216.0,171.0,84.0,87.0,38.0,45.0,31.0,20.0,5.0,2.79,0.491
383,2.0,236.0,205.0,160.0,45.0,82.0,31.0,14.0,13.0,4.0,2.82,0.78
384,4.0,220.0,181.0,87.0,94.0,42.0,39.0,30.0,24.0,5.0,2.25,0.481
385,1.0,48.0,41.0,41.0,0.0,10.0,7.0,0.0,0.0,0.0,2.3,1.0
386,3.0,513.0,407.0,193.0,214.0,101.0,106.0,70.0,59.0,6.0,2.86,0.474
387,4.0,236.0,176.0,84.0,92.0,41.0,60.0,26.0,27.0,6.0,2.5,0.477
388,3.0,369.0,282.0,143.0,139.0,80.0,87.0,44.0,43.0,5.0,2.67,0.507
389,4.0,576.0,458.0,232.0,226.0,117.0,118.0,78.0,61.0,5.0,2.78,0.507
390,2.0,78.0,62.0,38.0,24.0,21.0,16.0,8.0,3.0,5.0,2.73,0.613
391,2.0,86.0,70.0,70.0,0.0,17.0,16.0,0.0,0.0,0.0,2.35,1.0
392,2.0,128.0,103.0,103.0,0.0,22.0,25.0,0.0,0.0,0.0,2.86,1.0
393,2.0,78.0,57.0,57.0,0.0,19.0,21.0,0.0,0.0,0.0,3.32,1.0
394,3.0,531.0,434.0,434.0,0.0,100.0,97.0,0.0,0.0,0.0,2.81,1.0
395,5.0,750.0,594.0,594.0,0.0,132.0,156.0,0.0,0.0,0.0,2.86,1.0
396,3.0,336.0,273.0,143.0,130.0,72.0,63.0,45.0,28.0,6.0,2.75,0.524
397,5.0,645.0,519.0,519.0,0.0,111.0,126.0,0.0,0.0,0.0,2.86,1.0
398,2.0,148.0,118.0,118.0,0.0,34.0,30.0,0.0,0.0,0.0,2.69,1.0
399,1.0,34.0,30.0,30.0,0.0,6.0,4.0,0.0,0.0,0.0,1.46,1.0
400,2.0,70.0,56.0,56.0,0.0,8.0,14.0,0.0,0.0,0.0,2.75,1.0
401,4.0,600.0,499.0,405.0,94.0,187.0,101.0,34.0,23.0,3.0,2.77,0.812
402,3.0,342.0,284.0,218.0,66.0,105.0,58.0,18.0,19.0,3.0,2.7,0.768
403,4.0,468.0,390.0,317.0,73.0,156.0,78.0,28.0,18.0,4.0,2.68,0.813
404,4.0,384.0,297.0,149.0,148.0,75.0,87.0,45.0,40.0,8.0,2.72,0.502
405,3.0,348.0,287.0,234.0,53.0,118.0,61.0,15.0,10.0,3.0,2.48,0.815
406,3.0,192.0,152.0,80.0,72.0,33.0,40.0,28.0,14.0,9.0,2.5,0.526
407,4.0,144.0,124.0,97.0,27.0,44.0,20.0,7.0,6.0,3.0,2.75,0.782
408,3.0,513.0,424.0,424.0,0.0,110.0,89.0,0.0,0.0,0.0,2.79,1.0
409,2.0,192.0,151.0,151.0,0.0,38.0,41.0,0.0,0.0,0.0,2.63,1.0
410,1.0,46.0,42.0,36.0,6.0,20.0,4.0,5.0,1.0,2.0,2.35,0.857
411,4.0,240.0,195.0,148.0,47.0,74.0,45.0,16.0,14.0,3.0,2.92,0.759
412,2.0,92.0,78.0,64.0,14.0,26.0,14.0,5.0,5.0,2.0,2.63,0.821
413,2.0,78.0,63.0,44.0,19.0,18.0,15.0,7.0,3.0,2.0,2.9,0.698
414,1.0,47.0,39.0,39.0,0.0,12.0,8.0,0.0,0.0,0.0,2.69,1.0
415,4.0,208.0,170.0,92.0,78.0,41.0,38.0,23.0,22.0,5.0,2.44,0.541
416,4.0,660.0,556.0,450.0,106.0,216.0,104.0,33.0,22.0,3.0,2.77,0.809
417,1.0,36.0,29.0,21.0,8.0,8.0,7.0,2.0,1.0,2.0,2.5,0.724
418,4.0,148.0,114.0,114.0,0.0,23.0,34.0,0.0,0.0,0.0,2.39,1.0
419,3.0,495.0,396.0,396.0,0.0,93.0,99.0,0.0,0.0,0.0,2.69,1.0
420,5.0,245.0,199.0,199.0,0.0,43.0,46.0,0.0,0.0,0.0,2.67,1.0
421,2.0,70.0,52.0,41.0,11.0,18.0,18.0,1.0,3.0,2.0,2.33,0.788
422,1.0,47.0,42.0,42.0,0.0,16.0,5.0,0.0,0.0,0.0,1.99,1.0
423,3.0,141.0,116.0,116.0,0.0,24.0,25.0,0.0,0.0,0.0,2.75,1.0
424,3.0,396.0,312.0,312.0,0.0,75.0,84.0,0.0,0.0,0.0,2.86,1.0
425,3.0,294.0,236.0,236.0,0.0,62.0,58.0,0.0,0.0,0.0,2.89,1.0
426,3.0,102.0,84.0,36.0,48.0,17.0,18.0,16.0,13.0,4.0,2.6,0.429
427,4.0,288.0,234.0,180.0,54.0,87.0,54.0,12.0,14.0,3.0,2.78,0.769
428,4.0,184.0,155.0,126.0,29.0,78.0,29.0,11.0,9.0,2.0,2.93,0.813
429,4.0,312.0,254.0,117.0,137.0,58.0,58.0,51.0,33.0,7.0,2.91,0.461
430,5.0,255.0,218.0,176.0,42.0,94.0,37.0,10.0,8.0,2.0,2.83,0.807
431,5.0,340.0,275.0,275.0,0.0,63.0,65.0,0.0,0.0,0.0,2.65,1.0
432,5.0,160.0,131.0,62.0,69.0,36.0,29.0,20.0,16.0,5.0,2.57,0.473
433,3.0,306.0,242.0,242.0,0.0,55.0,64.0,0.0,0.0,0.0,2.43,1.0
434,2.0,72.0,64.0,50.0,14.0,26.0,8.0,6.0,4.0,2.0,2.6,0.781
435,5.0,705.0,553.0,270.0,283.0,147.0,152.0,84.0,65.0,5.0,2.63,0.488
436,2.0,132.0,105.0,82.0,23.0,43.0,27.0,8.0,3.0,3.0,2.83,0.781
437,4.0,360.0,286.0,286.0,0.0,70.0,74.0,0.0,0.0,0.0,2.92,1.0
438,5.0,165.0,135.0,66.0,69.0,35.0,30.0,28.0,15.0,5.0,2.94,0.489
439,2.0,136.0,112.0,112.0,0.0,19.0,24.0,0.0,0.0,0.0,2.92,1.0
440,3.0,171.0,140.0,140.0,0.0,34.0,31.0,0.0,0.0,0.0,2.6,1.0
441,1.0,35.0,27.0,21.0,6.0,10.0,8.0,1.0,0.0,2.0,2.43,0.778
442,1.0,36.0,28.0,28.0,0.0,6.0,8.0,0.0,0.0,0.0,2.61,1.0
443,3.0,513.0,411.0,411.0,0.0,101.0,102.0,0.0,0.0,0.0,2.69,1.0
444,3.0,240.0,199.0,162.0,37.0,85.0,41.0,10.0,10.0,2.0,2.76,0.814
445,2.0,148.0,125.0,102.0,23.0,52.0,23.0,8.0,4.0,2.0,2.85,0.816
446,1.0,45.0,38.0,38.0,0.0,11.0,7.0,0.0,0.0,0.0,2.92,1.0
447,1.0,41.0,32.0,32.0,0.0,8.0,9.0,0.0,0.0,0.0,2.53,1.0
448,3.0,90.0,71.0,33.0,38.0,14.0,19.0,10.0,8.0,3.0,2.5,0.465
449,2.0,180.0,146.0,146.0,0.0,35.0,34.0,0.0,0.0,0.0,2.81,1.0
450,3.0,540.0,429.0,429.0,0.0,112.0,111.0,0.0,0.0,0.0,2.68,1.0
451,4.0,392.0,317.0,254.0,63.0,133.0,75.0,19.0,24.0,3.0,2.78,0.801
452,4.0,448.0,353.0,353.0,0.0,89.0,95.0,0.0,0.0,0.0,2.4,1.0
453,1.0,43.0,37.0,31.0,6.0,14.0,6.0,1.0,2.0,1.0,2.74,0.838
454,1.0,51.0,40.0,33.0,7.0,16.0,11.0,3.0,3.0,2.0,2.62,0.825
455,1.0,40.0,33.0,19.0,14.0,12.0,7.0,7.0,5.0,4.0,3.23,0.576
456,1.0,57.0,48.0,48.0,0.0,8.0,9.0,0.0,0.0,0.0,2.56,1.0
457,4.0,420.0,337.0,178.0,159.0,86.0,83.0,52.0,50.0,5.0,2.6,0.528
458,5.0,360.0,312.0,312.0,0.0,90.0,48.0,0.0,0.0,0.0,2.83,1.0
459,5.0,185.0,155.0,77.0,78.0,46.0,30.0,23.0,21.0,4.0,2.66,0.497
460,5.0,460.0,370.0,370.0,0.0,103.0,90.0,0.0,0.0,0.0,2.87,1.0
461,5.0,600.0,487.0,487.0,0.0,111.0,113.0,0.0,0.0,0.0,2.92,1.0
462,5.0,520.0,423.0,423.0,0.0,96.0,97.0,0.0,0.0,0.0,2.47,1.0
463,3.0,306.0,254.0,115.0,139.0,56.0,52.0,48.0,33.0,6.0,3.22,0.453
464,2.0,98.0,80.0,61.0,19.0,29.0,18.0,6.0,5.0,2.0,3.03,0.762
465,2.0,228.0,193.0,156.0,37.0,76.0,35.0,13.0,12.0,2.0,2.7,0.808
466,4.0,360.0,295.0,240.0,55.0,118.0,65.0,20.0,11.0,3.0,3.06,0.814
467,2.0,192.0,163.0,132.0,31.0,59.0,29.0,14.0,9.0,2.0,2.94,0.81
468,1.0,50.0,40.0,40.0,0.0,10.0,10.0,0.0,0.0,0.0,2.98,1.0
469,5.0,410.0,328.0,328.0,0.0,72.0,82.0,0.0,0.0,0.0,2.78,1.0
470,3.0,423.0,364.0,291.0,73.0,138.0,59.0,33.0,14.0,3.0,2.74,0.799
471,2.0,88.0,73.0,34.0,39.0,14.0,15.0,14.0,12.0,5.0,1.9,0.466
472,3.0,306.0,246.0,246.0,0.0,66.0,60.0,0.0,0.0,0.0,2.99,1.0
473,4.0,672.0,527.0,527.0,0.0,127.0,145.0,0.0,0.0,0.0,2.79,1.0
474,4.0,432.0,338.0,190.0,148.0,89.0,94.0,46.0,42.0,6.0,2.8,0.562
475,4.0,312.0,247.0,121.0,126.0,60.0,65.0,39.0,34.0,5.0,3.08,0.49
476,1.0,59.0,46.0,46.0,0.0,14.0,13.0,0.0,0.0,0.0,2.37,1.0
477,2.0,204.0,172.0,129.0,43.0,63.0,32.0,17.0,9.0,3.0,2.86,0.75
478,4.0,240.0,190.0,190.0,0.0,50.0,50.0,0.0,0.0,0.0,2.83,1.0
479,1.0,50.0,41.0,34.0,7.0,19.0,9.0,2.0,3.0,2.0,3.31,0.829
480,5.0,720.0,577.0,577.0,0.0,163.0,143.0,0.0,0.0,0.0,2.63,1.0
481,5.0,480.0,379.0,199.0,180.0,99.0,101.0,51.0,43.0,5.0,2.61,0.525
482,2.0,220.0,181.0,144.0,37.0,66.0,39.0,16.0,6.0,2.0,2.49,0.796
483,1.0,35.0,30.0,26.0,4.0,14.0,5.0,2.0,1.0,1.0,2.69,0.867
484,1.0,41.0,37.0,19.0,18.0,5.0,4.0,5.0,6.0,6.0,3.21,0.514
485,3.0,405.0,312.0,158.0,154.0,78.0,93.0,56.0,46.0,5.0,2.83,0.506
486,1.0,41.0,35.0,35.0,0.0,11.0,6.0,0.0,0.0,0.0,3.05,1.0
487,5.0,580.0,467.0,230.0,237.0,123.0,113.0,81.0,68.0,7.0,2.85,0.493
488,2.0,236.0,194.0,194.0,0.0,51.0,42.0,0.0,0.0,0.0,3.12,1.0
489,4.0,256.0,213.0,177.0,36.0,80.0,43.0,14.0,9.0,3.0,2.85,0.831
490,5.0,155.0,129.0,129.0,0.0,39.0,26.0,0.0,0.0,0.0,2.49,1.0
491,5.0,570.0,449.0,449.0,0.0,116.0,121.0,0.0,0.0,0.0,2.9,1.0
492,2.0,96.0,78.0,78.0,0.0,20.0,18.0,0.0,0.0,0.0,2.77,1.0
493,1.0,47.0,41.0,41.0,0.0,12.0,6.0,0.0,0.0,0.0,2.5,1.0
494,5.0,430.0,338.0,164.0,174.0,72.0,92.0,61.0,46.0,6.0,2.88,0.485
495,2.0,232.0,192.0,151.0,41.0,78.0,40.0,10.0,10.0,4.0,3.02,0.786
496,5.0,510.0,413.0,330.0,83.0,189.0,97.0,25.0,23.0,3.0,2.64,0.799
497,4.0,240.0,201.0,201.0,0.0,45.0,39.0,0.0,0.0,0.0,2.72,1.0
498,4.0,456.0,352.0,160.0,192.0,90.0,104.0,64.0,51.0,7.0,2.88,0.455
499,3.0,258.0,204.0,116.0,88.0,56.0,54.0,27.0,25.0,5.0,2.58,0.569
500,5.0,600.0,493.0,399.0,94.0,200.0,107.0,30.0,28.0,3.0,2.73,0.809
501,3.0,318.0,263.0,263.0,0.0,64.0,55.0,0.0,0.0,0.0,3.06,1.0
502,4.0,124.0,97.0,97.0,0.0,23.0,27.0,0.0,0.0,0.0,3.16,1.0
503,2.0,116.0,91.0,71.0,20.0,39.0,25.0,10.0,7.0,2.0,2.6,0.78
504,1.0,51.0,44.0,35.0,9.0,15.0,7.0,2.0,4.0,2.0,2.26,0.795
505,5.0,340.0,261.0,261.0,0.0,66.0,79.0,0.0,0.0,0.0,2.78,1.0
506,2.0,90.0,76.0,63.0,13.0,29.0,14.0,3.0,5.0,2.0,2.78,0.829
507,2.0,120.0,98.0,40.0,58.0,15.0,22.0,17.0,12.0,10.0,2.67,0.408
508,2.0,200.0,168.0,134.0,34.0,65.0,32.0,13.0,11.0,2.0,2.82,0.798
509,4.0,420.0,344.0,279.0,65.0,137.0,76.0,20.0,16.0,3.0,2.65,0.811
510,3.0,288.0,236.0,236.0,0.0,38.0,52.0,0.0,0.0,0.0,2.9,1.0
511,1.0,51.0,39.0,39.0,0.0,11.0,12.0,0.0,0.0,0.0,2.44,1.0
512,4.0,588.0,479.0,479.0,0.0,130.0,109.0,0.0,0.0,0.0,2.76,1.0
513,2.0,152.0,124.0,124.0,0.0,33.0,28.0,0.0,0.0,0.0,2.64,1.0
514,5.0,410.0,325.0,325.0,0.0,81.0,85.0,0.0,0.0,0.0,3.01,1.0
515,3.0,324.0,249.0,249.0,0.0,58.0,75.0,0.0,0.0,0.0,2.6,1.0
516,2.0,228.0,178.0,178.0,0.0,37.0,50.0,0.0,0.0,0.0,2.83,1.0
517,2.0,136.0,105.0,105.0,0.0,18.0,31.0,0.0,0.0,0.0,2.45,1.0
518,5.0,250.0,207.0,165.0,42.0,78.0,43.0,12.0,15.0,4.0,2.85,0.797
519,4.0,132.0,119.0,92.0,27.0,45.0,13.0,7.0,7.0,2.0,2.94,0.773
520,4.0,408.0,321.0,321.0,0.0,93.0,87.0,0.0,0.0,0.0,2.62,1.0
521,2.0,100.0,80.0,62.0,18.0,34.0,20.0,7.0,3.0,2.0,2.87,0.775
522,3.0,177.0,145.0,145.0,0.0,39.0,32.0,0.0,0.0,0.0,2.34,1.0
523,3.0,459.0,375.0,375.0,0.0,92.0,84.0,0.0,0.0,0.0,2.71,1.0
524,1.0,58.0,47.0,23.0,24.0,14.0,11.0,6.0,6.0,6.0,3.34,0.489
525,4.0,228.0,180.0,180.0,0.0,42.0,48.0,0.0,0.0,0.0,2.6,1.0
526,2.0,188.0,139.0,139.0,0.0,39.0,49.0,0.0,0.0,0.0,2.65,1.0
527,2.0,90.0,75.0,75.0,0.0,17.0,15.0,0.0,0.0,0.0,2.94,1.0
528,5.0,440.0,353.0,276.0,77.0,158.0,87.0,27.0,20.0,3.0,2.69,0.782
529,1.0,51.0,39.0,39.0,0.0,8.0,12.0,0.0,0.0,0.0,2.87,1.0
530,5.0,160.0,129.0,129.0,0.0,39.0,31.0,0.0,0.0,0.0,2.92,1.0
531,1.0,30.0,24.0,24.0,0.0,5.0,6.0,0.0,0.0,0.0,3.34,1.0
532,1.0,39.0,36.0,20.0,16.0,9.0,3.0,5.0,3.0,3.0,2.47,0.556
533,3.0,192.0,145.0,145.0,0.0,41.0,47.0,0.0,0.0,0.0,3.04,1.0
534,5.0,870.0,694.0,694.0,0.0,161.0,176.0,0.0,0.0,0.0,3.07,1.0
535,3.0,111.0,93.0,93.0,0.0,32.0,18.0,0.0,0.0,0.0,2.69,1.0
536,3.0,90.0,66.0,66.0,0.0,14.0,24.0,0.0,0.0,0.0,2.8,1.0
537,4.0,360.0,294.0,294.0,0.0,84.0,66.0,0.0,0.0,0.0,2.81,1.0
538,3.0,177.0,151.0,117.0,34.0,63.0,26.0,10.0,14.0,4.0,2.57,0.775
539,1.0,36.0,28.0,28.0,0.0,7.0,8.0,0.0,0.0,0.0,2.68,1.0
540,2.0,156.0,123.0,61.0,62.0,32.0,33.0,22.0,15.0,3.0,2.42,0.496
541,2.0,112.0,89.0,89.0,0.0,20.0,23.0,0.0,0.0,0.0,2.65,1.0
542,4.0,120.0,101.0,52.0,49.0,25.0,19.0,13.0,9.0,5.0,3.27,0.515
543,1.0,55.0,47.0,32.0,15.0,15.0,8.0,4.0,4.0,3.0,2.74,0.681
544,5.0,900.0,716.0,716.0,0.0,200.0,184.0,0.0,0.0,0.0,2.82,1.0
545,4.0,132.0,109.0,44.0,65.0,22.0,23.0,23.0,18.0,5.0,2.93,0.404
546,2.0,212.0,171.0,90.0,81.0,38.0,41.0,28.0,21.0,5.0,2.65,0.526
547,2.0,204.0,169.0,84.0,85.0,44.0,35.0,34.0,21.0,5.0,2.72,0.497
548,5.0,570.0,461.0,227.0,234.0,119.0,109.0,75.0,61.0,7.0,2.81,0.492
549,3.0,162.0,132.0,132.0,0.0,33.0,30.0,0.0,0.0,0.0,2.76,1.0
550,1.0,49.0,39.0,39.0,0.0,9.0,10.0,0.0,0.0,0.0,2.9,1.0
551,3.0,105.0,82.0,66.0,16.0,34.0,23.0,4.0,7.0,2.0,2.9,0.805
552,5.0,380.0,301.0,153.0,148.0,88.0,79.0,51.0,38.0,5.0,2.51,0.508
553,4.0,400.0,318.0,318.0,0.0,93.0,82.0,0.0,0.0,0.0,2.77,1.0
554,3.0,108.0,85.0,85.0,0.0,25.0,23.0,0.0,0.0,0.0,2.9,1.0
555,4.0,564.0,453.0,363.0,90.0,200.0,111.0,36.0,28.0,3.0,2.85,0.801
556,3.0,318.0,245.0,127.0,118.0,60.0,73.0,44.0,26.0,4.0,2.64,0.518
557,1.0,34.0,29.0,25.0,4.0,14.0,5.0,2.0,0.0,1.0,2.54,0.862
558,2.0,120.0,98.0,98.0,0.0,27.0,22.0,0.0,0.0,0.0,3.09,1.0
559,4.0,192.0,154.0,80.0,74.0,37.0,38.0,22.0,21.0,6.0,2.41,0.519
560,2.0,176.0,142.0,142.0,0.0,39.0,34.0,0.0,0.0,0.0,2.98,1.0
561,3.0,294.0,247.0,120.0,127.0,59.0,47.0,42.0,36.0,7.0,2.64,0.486
562,3.0,369.0,309.0,245.0,64.0,128.0,60.0,19.0,19.0,3.0,2.6,0.793
563,1.0,33.0,27.0,26.0,1.0,15.0,6.0,0.0,0.0,1.0,2.52,0.963
564,2.0,108.0,88.0,67.0,21.0,26.0,20.0,10.0,4.0,2.0,3.17,0.761
565,1.0,43.0,36.0,33.0,3.0,20.0,7.0,2.0,0.0,1.0,3.07,0.917
566,1.0,30.0,26.0,26.0,0.0,4.0,4.0,0.0,0.0,0.0,3.5,1.0
567,2.0,84.0,70.0,59.0,11.0,25.0,14.0,4.0,2.0,2.0,2.36,0.843
568,4.0,288.0,234.0,188.0,46.0,91.0,54.0,13.0,12.0,2.0,2.78,0.803
569,1.0,46.0,40.0,35.0,5.0,23.0,6.0,5.0,1.0,1.0,2.34,0.875
570,4.0,156.0,128.0,128.0,0.0,30.0,28.0,0.0,0.0,0.0,2.43,1.0
571,3.0,222.0,191.0,152.0,39.0,76.0,31.0,14.0,7.0,2.0,2.69,0.796
572,5.0,525.0,406.0,202.0,204.0,98.0,119.0,67.0,66.0,6.0,2.57,0.498
573,3.0,450.0,367.0,190.0,177.0,90.0,83.0,56.0,46.0,5.0,2.88,0.518
574,4.0,288.0,241.0,202.0,39.0,101.0,47.0,14.0,7.0,3.0,2.87,0.838
575,4.0,144.0,119.0,102.0,17.0,53.0,25.0,8.0,5.0,2.0,2.52,0.857
576,1.0,31.0,28.0,28.0,0.0,6.0,3.0,0.0,0.0,0.0,2.44,1.0
577,3.0,495.0,395.0,395.0,0.0,94.0,100.0,0.0,0.0,0.0,2.76,1.0
578,5.0,275.0,231.0,192.0,39.0,89.0,44.0,16.0,7.0,4.0,2.86,0.831
579,5.0,340.0,277.0,225.0,52.0,124.0,63.0,15.0,13.0,3.0,2.79,0.812
580,3.0,96.0,82.0,82.0,0.0,17.0,14.0,0.0,0.0,0.0,3.54,1.0
581,5.0,210.0,170.0,170.0,0.0,46.0,40.0,0.0,0.0,0.0,3.08,1.0
582,4.0,576.0,452.0,452.0,0.0,109.0,124.0,0.0,0.0,0.0,2.86,1.0
583,1.0,37.0,29.0,20.0,9.0,8.0,8.0,3.0,4.0,2.0,2.92,0.69
584,4.0,344.0,281.0,281.0,0.0,59.0,63.0,0.0,0.0,0.0,2.8,1.0
585,4.0,360.0,277.0,139.0,138.0,71.0,83.0,47.0,35.0,5.0,2.96,0.502
586,3.0,276.0,221.0,221.0,0.0,69.0,55.0,0.0,0.0,0.0,2.79,1.0
587,2.0,112.0,95.0,79.0,16.0,33.0,17.0,6.0,1.0,3.0,2.44,0.832
588,5.0,295.0,224.0,113.0,111.0,55.0,71.0,34.0,26.0,5.0,3.06,0.504
589,1.0,56.0,39.0,39.0,0.0,10.0,17.0,0.0,0.0,0.0,2.68,1.0
590,4.0,444.0,368.0,283.0,85.0,142.0,76.0,35.0,28.0,4.0,2.84,0.769
591,4.0,296.0,238.0,238.0,0.0,57.0,58.0,0.0,0.0,0.0,2.9,1.0
592,5.0,900.0,709.0,709.0,0.0,181.0,191.0,0.0,0.0,0.0,2.63,1.0
593,1.0,45.0,36.0,16.0,20.0,10.0,9.0,6.0,5.0,4.0,2.06,0.444
594,4.0,444.0,377.0,302.0,75.0,140.0,67.0,33.0,16.0,4.0,2.82,0.801
595,1.0,42.0,37.0,21.0,16.0,11.0,5.0,5.0,6.0,7.0,2.8,0.568
596,2.0,184.0,147.0,127.0,20.0,71.0,37.0,8.0,7.0,2.0,2.67,0.864
597,2.0,208.0,168.0,135.0,33.0,67.0,40.0,10.0,11.0,2.0,2.61,0.804
598,2.0,68.0,54.0,26.0,28.0,13.0,14.0,7.0,8.0,4.0,2.75,0.481
599,4.0,696.0,603.0,477.0,126.0,243.0,93.0,41.0,32.0,3.0,2.8,0.791
600,4.0,120.0,94.0,67.0,27.0,27.0,26.0,13.0,6.0,2.0,2.67,0.713
601,4.0,432.0,364.0,290.0,74.0,119.0,68.0,30.0,15.0,3.0,2.9,0.797
602,1.0,38.0,34.0,34.0,0.0,9.0,4.0,0.0,0.0,0.0,2.99,1.0
603,3.0,450.0,344.0,344.0,0.0,89.0,106.0,0.0,0.0,0.0,2.59,1.0
604,3.0,120.0,98.0,74.0,24.0,36.0,22.0,11.0,8.0,2.0,3.18,0.755
605,1.0,36.0,29.0,11.0,18.0,6.0,7.0,5.0,8.0,5.0,2.71,0.379
606,2.0,136.0,103.0,103.0,0.0,21.0,33.0,0.0,0.0,0.0,2.33,1.0
607,5.0,570.0,448.0,448.0,0.0,106.0,122.0,0.0,0.0,0.0,2.73,1.0
608,2.0,216.0,175.0,142.0,33.0,68.0,41.0,9.0,8.0,3.0,2.63,0.811
609,5.0,260.0,225.0,189.0,36.0,99.0,35.0,10.0,12.0,2.0,2.6,0.84
610,3.0,174.0,130.0,130.0,0.0,30.0,44.0,0.0,0.0,0.0,2.79,1.0
611,1.0,47.0,41.0,34.0,7.0,24.0,6.0,1.0,1.0,2.0,2.59,0.829
612,3.0,153.0,137.0,109.0,28.0,60.0,16.0,10.0,6.0,2.0,2.94,0.796
613,4.0,304.0,248.0,248.0,0.0,58.0,56.0,0.0,0.0,0.0,2.76,1.0
614,1.0,58.0,49.0,41.0,8.0,15.0,9.0,3.0,3.0,2.0,3.01,0.837
615,1.0,57.0,44.0,44.0,0.0,19.0,13.0,0.0,0.0,0.0,2.72,1.0
616,2.0,102.0,82.0,69.0,13.0,27.0,20.0,7.0,2.0,1.0,2.64,0.841
617,2.0,152.0,128.0,128.0,0.0,32.0,24.0,0.0,0.0,0.0,2.85,1.0
618,4.0,624.0,526.0,410.0,116.0,203.0,98.0,38.0,28.0,3.0,2.74,0.779
619,1.0,54.0,48.0,38.0,10.0,20.0,6.0,4.0,2.0,2.0,2.74,0.792
620,5.0,225.0,184.0,184.0,0.0,45.0,41.0,0.0,0.0,0.0,3.09,1.0
621,5.0,330.0,257.0,257.0,0.0,71.0,73.0,0.0,0.0,0.0,2.79,1.0
622,3.0,306.0,239.0,193.0,46.0,96.0,67.0,12.0,13.0,2.0,2.75,0.808
623,2.0,80.0,65.0,54.0,11.0,24.0,15.0,1.0,3.0,3.0,2.83,0.831
624,1.0,52.0,45.0,45.0,0.0,9.0,7.0,0.0,0.0,0.0,2.69,1.0
625,1.0,45.0,37.0,28.0,9.0,15.0,8.0,1.0,4.0,2.0,2.75,0.757
626,5.0,855.0,697.0,335.0,362.0,180.0,158.0,112.0,104.0,7.0,2.78,0.481
627,5.0,465.0,392.0,299.0,93.0,150.0,73.0,30.0,27.0,4.0,2.75,0.763
628,5.0,465.0,379.0,311.0,68.0,156.0,86.0,30.0,20.0,3.0,2.78,0.821
629,3.0,360.0,295.0,230.0,65.0,125.0,65.0,20.0,14.0,3.0,2.66,0.78
630,4.0,672.0,554.0,554.0,0.0,142.0,118.0,0.0,0.0,0.0,2.62,1.0
631,1.0,30.0,24.0,7.0,17.0,3.0,6.0,2.0,5.0,9.0,3.14,0.292
632,4.0,132.0,104.0,104.0,0.0,22.0,28.0,0.0,0.0,0.0,3.01,1.0
633,2.0,204.0,168.0,140.0,28.0,80.0,36.0,11.0,5.0,2.0,2.65,0.833
634,3.0,120.0,98.0,78.0,20.0,40.0,22.0,5.0,6.0,2.0,2.92,0.796
635,1.0,51.0,37.0,19.0,18.0,15.0,14.0,3.0,3.0,2.0,3.3,0.514
636,4.0,220.0,187.0,149.0,38.0,84.0,33.0,18.0,10.0,3.0,2.67,0.797
637,2.0,132.0,108.0,85.0,23.0,44.0,24.0,10.0,11.0,3.0,2.83,0.787
638,2.0,188.0,151.0,151.0,0.0,35.0,37.0,0.0,0.0,0.0,2.43,1.0
639,1.0,53.0,43.0,37.0,6.0,19.0,10.0,1.0,2.0,1.0,2.85,0.86
640,1.0,44.0,33.0,33.0,0.0,6.0,11.0,0.0,0.0,0.0,3.21,1.0
641,1.0,42.0,33.0,24.0,9.0,15.0,9.0,4.0,3.0,3.0,2.65,0.727
642,4.0,200.0,156.0,156.0,0.0,36.0,44.0,0.0,0.0,0.0,2.72,1.0
643,3.0,351.0,273.0,156.0,117.0,79.0,78.0,37.0,28.0,4.0,2.85,0.571
644,4.0,136.0,112.0,90.0,22.0,50.0,24.0,6.0,8.0,2.0,2.4,0.804
645,4.0,256.0,191.0,91.0,100.0,48.0,65.0,36.0,26.0,6.0,2.8,0.476
646,5.0,840.0,661.0,328.0,333.0,172.0,179.0,107.0,93.0,7.0,2.71,0.496
647,3.0,228.0,186.0,91.0,95.0,42.0,42.0,36.0,26.0,5.0,2.8,0.489
648,3.0,288.0,240.0,192.0,48.0,107.0,48.0,11.0,13.0,4.0,2.65,0.8
649,5.0,180.0,141.0,141.0,0.0,28.0,39.0,0.0,0.0,0.0,2.72,1.0
650,2.0,228.0,198.0,159.0,39.0,80.0,30.0,17.0,14.0,3.0,2.5,0.803
651,3.0,468.0,364.0,364.0,0.0,98.0,104.0,0.0,0.0,0.0,2.68,1.0
652,2.0,114.0,95.0,39.0,56.0,19.0,19.0,14.0,16.0,6.0,2.69,0.411
653,5.0,220.0,184.0,153.0,31.0,84.0,36.0,12.0,6.0,2.0,2.87,0.832
654,5.0,525.0,431.0,431.0,0.0,113.0,94.0,0.0,0.0,0.0,2.92,1.0
655,1.0,36.0,29.0,23.0,6.0,11.0,7.0,3.0,2.0,2.0,2.25,0.793
656,5.0,155.0,127.0,71.0,56.0,35.0,28.0,14.0,13.0,5.0,2.5,0.559
657,4.0,184.0,159.0,125.0,34.0,52.0,25.0,9.0,11.0,2.0,2.72,0.786
658,1.0,44.0,36.0,29.0,7.0,15.0,8.0,2.0,3.0,2.0,3.37,0.806
659,1.0,50.0,42.0,42.0,0.0,12.0,8.0,0.0,0.0,0.0,2.07,1.0
660,4.0,696.0,562.0,562.0,0.0,143.0,134.0,0.0,0.0,0.0,2.63,1.0
661,1.0,55.0,39.0,39.0,0.0,10.0,16.0,0.0,0.0,0.0,3.03,1.0
662,4.0,176.0,140.0,140.0,0.0,37.0,36.0,0.0,0.0,0.0,2.82,1.0
663,1.0,57.0,44.0,33.0,11.0,12.0,13.0,3.0,3.0,4.0,2.8,0.75
664,1.0,57.0,44.0,44.0,0.0,10.0,13.0,0.0,0.0,0.0,2.68,1.0
665,2.0,118.0,96.0,78.0,18.0,38.0,22.0,5.0,6.0,2.0,2.73,0.812
666,5.0,165.0,140.0,118.0,22.0,53.0,25.0,5.0,4.0,2.0,2.31,0.843
667,1.0,49.0,45.0,37.0,8.0,19.0,4.0,2.0,3.0,1.0,2.35,0.822
668,5.0,780.0,628.0,628.0,0.0,156.0,152.0,0.0,0.0,0.0,2.79,1.0
669,5.0,465.0,390.0,318.0,72.0,161.0,75.0,26.0,19.0,3.0,2.68,0.815
670,2.0,72.0,62.0,49.0,13.0,19.0,10.0,3.0,5.0,2.0,2.57,0.79
671,2.0,140.0,113.0,62.0,51.0,38.0,27.0,12.0,14.0,5.0,2.76,0.549
672,3.0,276.0,220.0,183.0,37.0,80.0,56.0,9.0,6.0,2.0,2.77,0.832
673,4.0,372.0,306.0,306.0,0.0,63.0,66.0,0.0,0.0,0.0,3.01,1.0
674,1.0,42.0,35.0,35.0,0.0,11.0,7.0,0.0,0.0,0.0,2.8,1.0
675,3.0,210.0,172.0,91.0,81.0,53.0,38.0,28.0,24.0,5.0,2.78,0.529
676,3.0,204.0,169.0,135.0,34.0,68.0,35.0,11.0,15.0,2.0,2.9,0.799
677,2.0,110.0,91.0,91.0,0.0,19.0,19.0,0.0,0.0,0.0,2.4,1.0
678,3.0,120.0,94.0,94.0,0.0,28.0,26.0,0.0,0.0,0.0,2.88,1.0
679,5.0,215.0,165.0,165.0,0.0,38.0,50.0,0.0,0.0,0.0,2.71,1.0
680,2.0,84.0,71.0,71.0,0.0,22.0,13.0,0.0,0.0,0.0,2.54,1.0
681,1.0,47.0,41.0,19.0,22.0,11.0,6.0,10.0,8.0,7.0,2.69,0.463
682,4.0,236.0,201.0,201.0,0.0,51.0,35.0,0.0,0.0,0.0,2.86,1.0
683,3.0,504.0,398.0,398.0,0.0,89.0,106.0,0.0,0.0,0.0,2.68,1.0
684,3.0,264.0,227.0,187.0,40.0,99.0,37.0,13.0,12.0,2.0,2.86,0.824
685,1.0,38.0,27.0,27.0,0.0,5.0,11.0,0.0,0.0,0.0,2.84,1.0
686,2.0,74.0,66.0,33.0,33.0,17.0,8.0,9.0,6.0,5.0,2.35,0.5
687,4.0,264.0,217.0,161.0,56.0,74.0,47.0,21.0,17.0,4.0,2.67,0.742
688,3.0,162.0,128.0,56.0,72.0,28.0,34.0,23.0,22.0,6.0,2.44,0.438
689,1.0,34.0,27.0,27.0,0.0,8.0,7.0,0.0,0.0,0.0,3.24,1.0
690,2.0,236.0,181.0,181.0,0.0,49.0,55.0,0.0,0.0,0.0,2.9,1.0
691,1.0,37.0,32.0,20.0,12.0,9.0,5.0,4.0,4.0,4.0,2.27,0.625
692,5.0,185.0,157.0,131.0,26.0,74.0,28.0,9.0,8.0,2.0,2.82,0.834
693,1.0,60.0,51.0,40.0,11.0,19.0,9.0,3.0,3.0,2.0,3.1,0.784
694,4.0,432.0,358.0,297.0,61.0,154.0,74.0,26.0,18.0,2.0,2.7,0.83
695,2.0,62.0,53.0,53.0,0.0,13.0,9.0,0.0,0.0,0.0,3.21,1.0
696,5.0,630.0,537.0,443.0,94.0,209.0,93.0,30.0,30.0,3.0,2.68,0.825
697,4.0,440.0,352.0,175.0,177.0,91.0,88.0,67.0,46.0,7.0,2.79,0.497
698,2.0,152.0,109.0,109.0,0.0,25.0,43.0,0.0,0.0,0.0,2.38,1.0
699,4.0,648.0,529.0,427.0,102.0,211.0,119.0,35.0,28.0,4.0,2.72,0.807
700,1.0,56.0,43.0,43.0,0.0,14.0,13.0,0.0,0.0,0.0,3.36,1.0
701,4.0,408.0,320.0,320.0,0.0,81.0,88.0,0.0,0.0,0.0,2.81,1.0
702,5.0,720.0,583.0,583.0,0.0,160.0,137.0,0.0,0.0,0.0,2.67,1.0
703,2.0,64.0,58.0,46.0,12.0,18.0,6.0,5.0,4.0,2.0,2.65,0.793
704,4.0,384.0,314.0,314.0,0.0,68.0,70.0,0.0,0.0,0.0,2.8,1.0
705,5.0,400.0,331.0,331.0,0.0,74.0,69.0,0.0,0.0,0.0,2.54,1.0
706,2.0,72.0,59.0,51.0,8.0,23.0,13.0,2.0,1.0,2.0,3.07,0.864
707,1.0,35.0,27.0,27.0,0.0,5.0,8.0,0.0,0.0,0.0,3.3,1.0
708,4.0,360.0,303.0,241.0,62.0,126.0,57.0,20.0,16.0,3.0,2.83,0.795
709,1.0,47.0,37.0,33.0,4.0,21.0,10.0,0.0,1.0,1.0,2.71,0.892
710,5.0,290.0,234.0,195.0,39.0,96.0,56.0,7.0,3.0,4.0,2.51,0.833
711,5.0,490.0,418.0,333.0,85.0,158.0,72.0,22.0,17.0,4.0,2.79,0.797
712,4.0,360.0,284.0,284.0,0.0,75.0,76.0,0.0,0.0,0.0,2.63,1.0
713,2.0,212.0,165.0,165.0,0.0,39.0,47.0,0.0,0.0,0.0,2.64,1.0
714,5.0,555.0,453.0,453.0,0.0,120.0,102.0,0.0,0.0,0.0,2.92,1.0
715,3.0,120.0,92.0,56.0,36.0,27.0,28.0,13.0,5.0,4.0,2.55,0.609
716,1.0,46.0,38.0,23.0,15.0,12.0,8.0,5.0,3.0,1.0,2.29,0.605
717,4.0,448.0,362.0,362.0,0.0,90.0,86.0,0.0,0.0,0.0,2.69,1.0
718,2.0,108.0,85.0,85.0,0.0,17.0,23.0,0.0,0.0,0.0,2.6,1.0
719,2.0,184.0,142.0,142.0,0.0,36.0,42.0,0.0,0.0,0.0,2.86,1.0
720,1.0,51.0,45.0,38.0,7.0,17.0,6.0,5.0,2.0,1.0,2.44,0.844
721,4.0,224.0,192.0,159.0,33.0,65.0,32.0,9.0,11.0,3.0,2.75,0.828
722,5.0,840.0,678.0,339.0,339.0,179.0,162.0,108.0,91.0,5.0,2.78,0.5
723,1.0,48.0,40.0,40.0,0.0,12.0,8.0,0.0,0.0,0.0,1.78,1.0
724,4.0,256.0,210.0,106.0,104.0,52.0,46.0,38.0,28.0,5.0,2.85,0.505
725,5.0,735.0,594.0,594.0,0.0,151.0,141.0,0.0,0.0,0.0,2.95,1.0
726,4.0,504.0,395.0,200.0,195.0,103.0,109.0,59.0,47.0,8.0,2.63,0.506
727,2.0,70.0,59.0,59.0,0.0,15.0,11.0,0.0,0.0,0.0,2.53,1.0
728,5.0,570.0,433.0,433.0,0.0,126.0,137.0,0.0,0.0,0.0,2.53,1.0
729,2.0,144.0,110.0,56.0,54.0,31.0,34.0,16.0,13.0,4.0,2.72,0.509
730,5.0,570.0,471.0,471.0,0.0,131.0,99.0,0.0,0.0,0.0,2.55,1.0
731,1.0,52.0,42.0,42.0,0.0,6.0,10.0,0.0,0.0,0.0,3.45,1.0
732,2.0,64.0,49.0,22.0,27.0,9.0,15.0,9.0,7.0,3.0,2.48,0.449
733,2.0,98.0,74.0,74.0,0.0,22.0,24.0,0.0,0.0,0.0,2.86,1.0
734,4.0,360.0,291.0,244.0,47.0,128.0,69.0,13.0,18.0,3.0,2.59,0.838
735,3.0,159.0,126.0,126.0,0.0,32.0,33.0,0.0,0.0,0.0,2.95,1.0
736,3.0,432.0,339.0,339.0,0.0,89.0,93.0,0.0,0.0,0.0,2.53,1.0
737,3.0,369.0,314.0,266.0,48.0,143.0,55.0,16.0,15.0,2.0,2.75,0.847
738,2.0,114.0,82.0,82.0,0.0,22.0,32.0,0.0,0.0,0.0,2.72,1.0
739,5.0,870.0,699.0,699.0,0.0,167.0,171.0,0.0,0.0,0.0,2.77,1.0
740,3.0,336.0,259.0,259.0,0.0,74.0,77.0,0.0,0.0,0.0,2.83,1.0
741,3.0,336.0,268.0,268.0,0.0,58.0,68.0,0.0,0.0,0.0,3.19,1.0
742,3.0,264.0,213.0,213.0,0.0,50.0,51.0,0.0,0.0,0.0,2.48,1.0
743,1.0,46.0,41.0,34.0,7.0,20.0,5.0,1.0,2.0,2.0,2.86,0.829
744,4.0,304.0,256.0,203.0,53.0,106.0,48.0,17.0,17.0,3.0,2.75,0.793
745,4.0,368.0,295.0,152.0,143.0,78.0,73.0,50.0,41.0,5.0,2.65,0.515
746,2.0,176.0,130.0,58.0,72.0,28.0,46.0,24.0,19.0,4.0,2.62,0.446
747,2.0,180.0,152.0,125.0,27.0,68.0,28.0,5.0,11.0,3.0,2.82,0.822
748,1.0,52.0,43.0,27.0,16.0,17.0,9.0,6.0,3.0,3.0,2.93,0.628
749,3.0,369.0,299.0,299.0,0.0,70.0,70.0,0.0,0.0,0.0,2.51,1.0
750,5.0,600.0,511.0,423.0,88.0,211.0,89.0,30.0,18.0,3.0,2.87,0.828
751,2.0,110.0,89.0,89.0,0.0,29.0,21.0,0.0,0.0,0.0,2.3,1.0
752,5.0,420.0,354.0,283.0,71.0,143.0,66.0,24.0,20.0,3.0,2.73,0.799
753,3.0,306.0,262.0,126.0,136.0,58.0,44.0,53.0,34.0,5.0,2.58,0.481
754,1.0,54.0,45.0,45.0,0.0,9.0,9.0,0.0,0.0,0.0,3.7,1.0
755,5.0,855.0,688.0,688.0,0.0,147.0,167.0,0.0,0.0,0.0,2.84,1.0
756,3.0,276.0,226.0,181.0,45.0,93.0,50.0,11.0,9.0,3.0,2.83,0.801
757,3.0,159.0,131.0,112.0,19.0,50.0,28.0,4.0,3.0,2.0,2.85,0.855
758,5.0,430.0,350.0,350.0,0.0,91.0,80.0,0.0,0.0,0.0,2.77,1.0
759,1.0,56.0,50.0,42.0,8.0,23.0,6.0,3.0,0.0,2.0,2.69,0.84
760,5.0,780.0,616.0,616.0,0.0,160.0,164.0,0.0,0.0,0.0,2.88,1.0
761,4.0,224.0,178.0,178.0,0.0,49.0,46.0,0.0,0.0,0.0,2.62,1.0
762,1.0,30.0,24.0,24.0,0.0,5.0,6.0,0.0,0.0,0.0,3.97,1.0
763,3.0,171.0,135.0,107.0,28.0,62.0,36.0,7.0,8.0,3.0,2.78,0.793
764,4.0,152.0,126.0,126.0,0.0,27.0,26.0,0.0,0.0,0.0,2.91,1.0
765,2.0,224.0,178.0,178.0,0.0,42.0,46.0,0.0,0.0,0.0,3.18,1.0
766,5.0,500.0,414.0,342.0,72.0,168.0,86.0,27.0,18.0,3.0,2.68,0.826
767,2.0,164.0,135.0,135.0,0.0,29.0,29.0,0.0,0.0,0.0,2.27,1.0
768,2.0,82.0,71.0,57.0,14.0,30.0,11.0,3.0,5.0,3.0,2.66,0.803
769,4.0,480.0,407.0,340.0,67.0,168.0,73.0,26.0,17.0,2.0,2.71,0.835
770,3.0,432.0,329.0,177.0,152.0,88.0,103.0,54.0,45.0,5.0,2.74,0.538
771,5.0,600.0,490.0,230.0,260.0,112.0,110.0,99.0,67.0,6.0,2.59,0.469
772,4.0,304.0,248.0,205.0,43.0,111.0,56.0,17.0,12.0,2.0,2.73,0.827
773,2.0,164.0,127.0,127.0,0.0,36.0,37.0,0.0,0.0,0.0,2.74,1.0
774,1.0,37.0,24.0,24.0,0.0,2.0,13.0,0.0,0.0,0.0,3.68,1.0
775,5.0,310.0,249.0,249.0,0.0,68.0,61.0,0.0,0.0,0.0,2.76,1.0
776,5.0,470.0,400.0,306.0,94.0,146.0,70.0,31.0,21.0,3.0,3.03,0.765
777,5.0,600.0,494.0,407.0,87.0,209.0,106.0,27.0,21.0,3.0,2.86,0.824
778,3.0,330.0,266.0,266.0,0.0,67.0,64.0,0.0,0.0,0.0,2.86,1.0
779,3.0,156.0,131.0,131.0,0.0,35.0,25.0,0.0,0.0,0.0,3.05,1.0
780,2.0,144.0,114.0,63.0,51.0,35.0,30.0,16.0,14.0,5.0,3.03,0.553
781,3.0,288.0,248.0,205.0,43.0,86.0,40.0,18.0,14.0,3.0,2.44,0.827
782,3.0,165.0,123.0,50.0,73.0,24.0,42.0,22.0,19.0,4.0,2.93,0.407
783,3.0,282.0,224.0,224.0,0.0,69.0,58.0,0.0,0.0,0.0,2.84,1.0
784,1.0,49.0,37.0,37.0,0.0,10.0,12.0,0.0,0.0,0.0,2.31,1.0
785,1.0,43.0,35.0,27.0,8.0,14.0,8.0,4.0,2.0,2.0,2.44,0.771
786,5.0,840.0,667.0,667.0,0.0,156.0,173.0,0.0,0.0,0.0,2.8,1.0
787,1.0,59.0,53.0,53.0,0.0,13.0,6.0,0.0,0.0,0.0,1.94,1.0
788,5.0,195.0,167.0,133.0,34.0,67.0,28.0,6.0,8.0,2.0,2.72,0.796
789,1.0,47.0,35.0,20.0,15.0,10.0,12.0,6.0,3.0,4.0,2.88,0.571
790,5.0,570.0,470.0,383.0,87.0,205.0,100.0,29.0,20.0,4.0,2.59,0.815
791,2.0,192.0,154.0,154.0,0.0,38.0,38.0,0.0,0.0,0.0,2.81,1.0
792,5.0,240.0,196.0,196.0,0.0,49.0,44.0,0.0,0.0,0.0,2.88,1.0
793,1.0,47.0,40.0,40.0,0.0,8.0,7.0,0.0,0.0,0.0,2.89,1.0
794,5.0,250.0,213.0,175.0,38.0,83.0,37.0,18.0,9.0,2.0,2.91,0.822
795,5.0,540.0,438.0,438.0,0.0,107.0,102.0,0.0,0.0,0.0,2.64,1.0
796,2.0,152.0,118.0,118.0,0.0,31.0,34.0,0.0,0.0,0.0,2.99,1.0
797,4.0,504.0,398.0,398.0,0.0,102.0,106.0,0.0,0.0,0.0,2.69,1.0
798,2.0,184.0,144.0,144.0,0.0,39.0,40.0,0.0,0.0,0.0,2.93,1.0
799,1.0,51.0,43.0,31.0,12.0,19.0,8.0,3.0,5.0,1.0,2.85,0.721
800,4.0,228.0,197.0,147.0,50.0,76.0,31.0,12.0,17.0,3.0,2.79,0.746
801,3.0,156.0,126.0,126.0,0.0,36.0,30.0,0.0,0.0,0.0,2.86,1.0
802,4.0,468.0,376.0,376.0,0.0,87.0,92.0,0.0,0.0,0.0,2.8,1.0
803,2.0,192.0,147.0,147.0,0.0,36.0,45.0,0.0,0.0,0.0,2.94,1.0
804,3.0,216.0,172.0,172.0,0.0,44.0,44.0,0.0,0.0,0.0,2.43,1.0
805,5.0,260.0,223.0,178.0,45.0,106.0,37.0,20.0,11.0,2.0,2.82,0.798
806,2.0,70.0,64.0,64.0,0.0,15.0,6.0,0.0,0.0,0.0,3.21,1.0
807,5.0,765.0,590.0,299.0,291.0,143.0,175.0,99.0,84.0,7.0,2.96,0.507
808,3.0,135.0,114.0,90.0,24.0,51.0,21.0,6.0,6.0,4.0,2.59,0.789
809,4.0,464.0,378.0,176.0,202.0,90.0,86.0,67.0,60.0,8.0,2.5,0.466
810,1.0,35.0,33.0,23.0,10.0,11.0,2.0,4.0,2.0,3.0,2.44,0.697
811,4.0,312.0,259.0,214.0,45.0,100.0,53.0,19.0,12.0,3.0,2.83,0.826
812,3.0,246.0,216.0,171.0,45.0,79.0,30.0,16.0,9.0,3.0,2.72,0.792
813,2.0,164.0,133.0,64.0,69.0,31.0,31.0,21.0,18.0,4.0,3.1,0.481
814,2.0,102.0,89.0,74.0,15.0,43.0,13.0,1.0,3.0,1.0,2.75,0.831
815,2.0,102.0,78.0,78.0,0.0,25.0,24.0,0.0,0.0,0.0,2.82,1.0
816,3.0,240.0,205.0,205.0,0.0,40.0,35.0,0.0,0.0,0.0,2.78,1.0
817,1.0,46.0,35.0,35.0,0.0,14.0,11.0,0.0,0.0,0.0,2.73,1.0
818,5.0,460.0,398.0,299.0,99.0,154.0,62.0,29.0,31.0,4.0,2.8,0.751
819,2.0,196.0,149.0,149.0,0.0,34.0,47.0,0.0,0.0,0.0,2.82,1.0
820,2.0,106.0,84.0,84.0,0.0,23.0,22.0,0.0,0.0,0.0,2.51,1.0
821,3.0,312.0,259.0,259.0,0.0,69.0,53.0,0.0,0.0,0.0,2.81,1.0
822,5.0,265.0,221.0,172.0,49.0,92.0,44.0,17.0,11.0,3.0,2.8,0.778
823,1.0,45.0,36.0,30.0,6.0,17.0,9.0,3.0,1.0,2.0,2.38,0.833
824,5.0,175.0,148.0,81.0,67.0,46.0,27.0,24.0,22.0,5.0,2.8,0.547
825,1.0,59.0,51.0,41.0,10.0,20.0,8.0,4.0,2.0,5.0,2.62,0.804
826,1.0,51.0,41.0,41.0,0.0,8.0,10.0,0.0,0.0,0.0,2.12,1.0
827,1.0,40.0,37.0,32.0,5.0,18.0,3.0,0.0,2.0,2.0,2.73,0.865
828,4.0,240.0,207.0,175.0,32.0,85.0,33.0,17.0,9.0,2.0,2.82,0.845
829,3.0,300.0,241.0,110.0,131.0,62.0,59.0,44.0,33.0,5.0,2.89,0.456
830,2.0,78.0,60.0,43.0,17.0,27.0,18.0,3.0,5.0,2.0,2.77,0.717
831,3.0,120.0,93.0,93.0,0.0,24.0,27.0,0.0,0.0,0.0,2.71,1.0
832,5.0,900.0,723.0,586.0,137.0,303.0,177.0,46.0,34.0,4.0,2.71,0.811
833,3.0,96.0,75.0,44.0,31.0,17.0,21.0,8.0,10.0,4.0,2.78,0.587
834,2.0,160.0,121.0,121.0,0.0,30.0,39.0,0.0,0.0,0.0,2.92,1.0
835,4.0,660.0,560.0,440.0,120.0,207.0,100.0,38.0,39.0,3.0,2.87,0.786
836,4.0,468.0,384.0,311.0,73.0,141.0,84.0,24.0,14.0,3.0,2.99,0.81
837,4.0,248.0,207.0,156.0,51.0,72.0,41.0,13.0,17.0,3.0,2.68,0.754
838,3.0,240.0,194.0,194.0,0.0,52.0,46.0,0.0,0.0,0.0,3.0,1.0
839,5.0,720.0,574.0,279.0,295.0,141.0,146.0,88.0,69.0,6.0,2.63,0.486
840,3.0,324.0,279.0,232.0,47.0,105.0,45.0,16.0,13.0,2.0,2.75,0.832
841,5.0,495.0,390.0,390.0,0.0,87.0,105.0,0.0,0.0,0.0,2.98,1.0
842,3.0,177.0,146.0,119.0,27.0,54.0,31.0,14.0,8.0,2.0,3.02,0.815
843,5.0,705.0,586.0,471.0,115.0,224.0,119.0,41.0,23.0,4.0,2.68,0.804
844,1.0,49.0,42.0,42.0,0.0,11.0,7.0,0.0,0.0,0.0,3.22,1.0
845,3.0,531.0,433.0,433.0,0.0,112.0,98.0,0.0,0.0,0.0,2.74,1.0
846,5.0,285.0,230.0,123.0,107.0,52.0,55.0,29.0,36.0,5.0,2.54,0.535
847,1.0,55.0,42.0,30.0,12.0,7.0,13.0,3.0,4.0,2.0,2.66,0.714
848,5.0,525.0,442.0,345.0,97.0,174.0,83.0,36.0,23.0,3.0,2.65,0.781
849,2.0,84.0,68.0,57.0,11.0,24.0,16.0,5.0,4.0,2.0,2.55,0.838
850,3.0,294.0,236.0,236.0,0.0,68.0,58.0,0.0,0.0,0.0,3.06,1.0
851,2.0,110.0,84.0,84.0,0.0,21.0,26.0,0.0,0.0,0.0,2.65,1.0
852,2.0,106.0,80.0,80.0,0.0,18.0,26.0,0.0,0.0,0.0,2.53,1.0
853,5.0,765.0,621.0,621.0,0.0,132.0,144.0,0.0,0.0,0.0,2.86,1.0
854,3.0,405.0,331.0,331.0,0.0,97.0,74.0,0.0,0.0,0.0,2.74,1.0
855,2.0,94.0,67.0,67.0,0.0,17.0,27.0,0.0,0.0,0.0,2.73,1.0
856,4.0,240.0,188.0,83.0,105.0,36.0,52.0,33.0,30.0,5.0,2.66,0.441
857,3.0,330.0,267.0,221.0,46.0,111.0,63.0,15.0,11.0,3.0,2.62,0.828
858,4.0,248.0,195.0,195.0,0.0,56.0,53.0,0.0,0.0,0.0,2.57,1.0
859,2.0,78.0,61.0,50.0,11.0,21.0,17.0,6.0,3.0,2.0,2.83,0.82
860,2.0,86.0,72.0,35.0,37.0,20.0,14.0,12.0,10.0,4.0,2.7,0.486
861,3.0,174.0,130.0,130.0,0.0,42.0,44.0,0.0,0.0,0.0,2.5,1.0
862,1.0,45.0,37.0,19.0,18.0,11.0,8.0,7.0,6.0,4.0,2.07,0.514
863,1.0,34.0,27.0,11.0,16.0,4.0,7.0,4.0,6.0,3.0,2.57,0.407
864,4.0,516.0,402.0,402.0,0.0,98.0,114.0,0.0,0.0,0.0,2.73,1.0
865,2.0,212.0,170.0,140.0,30.0,72.0,42.0,8.0,10.0,3.0,2.67,0.824
866,1.0,55.0,44.0,42.0,2.0,21.0,11.0,0.0,0.0,1.0,2.62,0.955
867,5.0,275.0,222.0,222.0,0.0,56.0,53.0,0.0,0.0,0.0,2.62,1.0
868,1.0,52.0,42.0,42.0,0.0,7.0,10.0,0.0,0.0,0.0,3.25,1.0
869,1.0,34.0,30.0,22.0,8.0,13.0,4.0,1.0,2.0,2.0,2.92,0.733
870,4.0,360.0,288.0,130.0,158.0,71.0,72.0,51.0,41.0,10.0,2.75,0.451
871,3.0,441.0,347.0,155.0,192.0,68.0,94.0,63.0,56.0,6.0,2.74,0.447
872,1.0,32.0,25.0,25.0,0.0,4.0,7.0,0.0,0.0,0.0,3.72,1.0
873,2.0,120.0,104.0,73.0,31.0,39.0,16.0,8.0,12.0,3.0,2.98,0.702
874,3.0,147.0,121.0,93.0,28.0,45.0,26.0,6.0,7.0,3.0,2.69,0.769
875,3.0,135.0,112.0,112.0,0.0,33.0,23.0,0.0,0.0,0.0,2.9,1.0
876,5.0,420.0,357.0,287.0,70.0,152.0,63.0,27.0,18.0,2.0,2.56,0.804
877,4.0,408.0,321.0,177.0,144.0,100.0,87.0,43.0,40.0,6.0,2.72,0.551
878,5.0,310.0,249.0,249.0,0.0,60.0,61.0,0.0,0.0,0.0,2.53,1.0
879,2.0,62.0,51.0,37.0,14.0,21.0,11.0,5.0,4.0,2.0,2.2,0.725
880,3.0,270.0,221.0,221.0,0.0,55.0,49.0,0.0,0.0,0.0,2.68,1.0
881,1.0,45.0,31.0,10.0,21.0,5.0,14.0,9.0,6.0,4.0,2.62,0.323
882,1.0,57.0,47.0,47.0,0.0,18.0,10.0,0.0,0.0,0.0,2.96,1.0
883,4.0,136.0,102.0,102.0,0.0,25.0,34.0,0.0,0.0,0.0,2.68,1.0
884,1.0,46.0,39.0,39.0,0.0,6.0,7.0,0.0,0.0,0.0,3.68,1.0
885,4.0,472.0,380.0,380.0,0.0,91.0,92.0,0.0,0.0,0.0,2.79,1.0
886,3.0,177.0,140.0,140.0,0.0,29.0,37.0,0.0,0.0,0.0,2.22,1.0
887,2.0,124.0,100.0,72.0,28.0,36.0,24.0,10.0,2.0,3.0,2.82,0.72
888,4.0,280.0,221.0,186.0,35.0,95.0,59.0,7.0,6.0,2.0,2.56,0.842
889,2.0,120.0,97.0,46.0,51.0,23.0,23.0,17.0,12.0,4.0,2.55,0.474
890,4.0,564.0,446.0,446.0,0.0,111.0,118.0,0.0,0.0,0.0,2.71,1.0
891,4.0,444.0,357.0,357.0,0.0,83.0,87.0,0.0,0.0,0.0,2.59,1.0
892,3.0,336.0,279.0,231.0,48.0,120.0,57.0,14.0,7.0,2.0,2.46,0.828
893,1.0,41.0,34.0,22.0,12.0,9.0,7.0,3.0,3.0,3.0,2.61,0.647
894,3.0,93.0,77.0,64.0,13.0,34.0,16.0,6.0,4.0,2.0,2.75,0.831
895,3.0,441.0,344.0,155.0,189.0,82.0,97.0,66.0,53.0,8.0,2.78,0.451
896,5.0,270.0,222.0,222.0,0.0,55.0,48.0,0.0,0.0,0.0,3.03,1.0
897,3.0,495.0,407.0,407.0,0.0,100.0,88.0,0.0,0.0,0.0,2.63,1.0
898,5.0,190.0,145.0,145.0,0.0,34.0,45.0,0.0,0.0,0.0,2.65,1.0
899,3.0,234.0,194.0,157.0,37.0,82.0,40.0,8.0,10.0,2.0,2.75,0.809
900,3.0,342.0,277.0,128.0,149.0,46.0,65.0,52.0,37.0,8.0,2.76,0.462
901,3.0,324.0,268.0,268.0,0.0,68.0,56.0,0.0,0.0,0.0,2.71,1.0
902,2.0,228.0,178.0,86.0,92.0,48.0,50.0,31.0,28.0,6.0,2.53,0.483
903,2.0,114.0,94.0,94.0,0.0,20.0,20.0,0.0,0.0,0.0,3.21,1.0
904,1.0,43.0,34.0,25.0,9.0,14.0,9.0,4.0,1.0,1.0,3.12,0.735
905,5.0,360.0,302.0,302.0,0.0,80.0,58.0,0.0,0.0,0.0,2.86,1.0
906,5.0,160.0,130.0,130.0,0.0,32.0,30.0,0.0,0.0,0.0,3.08,1.0
907,2.0,84.0,73.0,73.0,0.0,22.0,11.0,0.0,0.0,0.0,3.17,1.0
908,4.0,164.0,132.0,103.0,29.0,52.0,32.0,16.0,5.0,2.0,2.5,0.78
909,4.0,648.0,513.0,513.0,0.0,144.0,135.0,0.0,0.0,0.0,2.7,1.0
910,2.0,84.0,66.0,36.0,30.0,20.0,18.0,8.0,7.0,6.0,2.72,0.545
911,1.0,50.0,42.0,33.0,9.0,17.0,8.0,3.0,1.0,2.0,2.61,0.786
912,5.0,400.0,340.0,270.0,70.0,133.0,60.0,27.0,12.0,3.0,2.87,0.794
913,3.0,312.0,253.0,204.0,49.0,106.0,59.0,15.0,14.0,3.0,2.71,0.806
914,4.0,152.0,121.0,121.0,0.0,29.0,31.0,0.0,0.0,0.0,2.74,1.0
915,1.0,32.0,21.0,21.0,0.0,8.0,11.0,0.0,0.0,0.0,2.88,1.0
916,1.0,38.0,32.0,32.0,0.0,9.0,6.0,0.0,0.0,0.0,2.53,1.0
917,1.0,37.0,27.0,27.0,0.0,7.0,10.0,0.0,0.0,0.0,3.38,1.0
918,1.0,59.0,44.0,44.0,0.0,15.0,15.0,0.0,0.0,0.0,2.91,1.0
919,3.0,513.0,417.0,417.0,0.0,110.0,96.0,0.0,0.0,0.0,2.93,1.0
920,2.0,108.0,92.0,92.0,0.0,23.0,16.0,0.0,0.0,0.0,2.66,1.0
921,5.0,460.0,368.0,368.0,0.0,91.0,92.0,0.0,0.0,0.0,2.65,1.0
922,1.0,31.0,26.0,21.0,5.0,7.0,5.0,3.0,2.0,1.0,2.84,0.808
923,1.0,59.0,47.0,47.0,0.0,7.0,12.0,0.0,0.0,0.0,3.6,1.0
924,1.0,36.0,27.0,27.0,0.0,8.0,9.0,0.0,0.0,0.0,2.42,1.0
925,4.0,120.0,96.0,79.0,17.0,42.0,24.0,4.0,4.0,3.0,2.76,0.823
926,4.0,440.0,343.0,168.0,175.0,84.0,97.0,60.0,50.0,7.0,2.72,0.49
927,2.0,132.0,101.0,80.0,21.0,51.0,31.0,7.0,4.0,2.0,2.63,0.792
928,4.0,180.0,150.0,150.0,0.0,35.0,30.0,0.0,0.0,0.0,2.82,1.0
929,4.0,220.0,179.0,141.0,38.0,77.0,41.0,14.0,10.0,2.0,2.71,0.788
930,5.0,230.0,177.0,177.0,0.0,36.0,53.0,0.0,0.0,0.0,2.9,1.0
931,5.0,150.0,115.0,58.0,57.0,31.0,35.0,24.0,20.0,4.0,3.0,0.504
932,2.0,164.0,139.0,139.0,0.0,31.0,25.0,0.0,0.0,0.0,2.52,1.0
933,3.0,333.0,270.0,221.0,49.0,109.0,63.0,19.0,12.0,2.0,3.11,0.819
934,4.0,264.0,217.0,172.0,45.0,77.0,47.0,16.0,11.0,2.0,2.63,0.793
935,1.0,41.0,29.0,23.0,6.0,12.0,12.0,2.0,1.0,1.0,2.72,0.793
936,1.0,58.0,46.0,46.0,0.0,16.0,12.0,0.0,0.0,0.0,2.17,1.0
937,2.0,86.0,70.0,70.0,0.0,10.0,16.0,0.0,0.0,0.0,2.84,1.0
938,4.0,624.0,516.0,414.0,102.0,211.0,108.0,37.0,29.0,3.0,2.8,0.802
939,5.0,310.0,258.0,258.0,0.0,69.0,52.0,0.0,0.0,0.0,2.68,1.0
940,5.0,780.0,620.0,620.0,0.0,155.0,160.0,0.0,0.0,0.0,2.79,1.0
941,5.0,630.0,495.0,495.0,0.0,132.0,135.0,0.0,0.0,0.0,2.72,1.0
942,1.0,40.0,31.0,31.0,0.0,6.0,9.0,0.0,0.0,0.0,3.66,1.0
943,3.0,423.0,352.0,296.0,56.0,148.0,71.0,18.0,16.0,2.0,2.66,0.841
944,5.0,795.0,627.0,627.0,0.0,169.0,168.0,0.0,0.0,0.0,2.61,1.0
945,5.0,720.0,573.0,573.0,0.0,147.0,147.0,0.0,0.0,0.0,2.69,1.0
946,3.0,156.0,134.0,134.0,0.0,30.0,22.0,0.0,0.0,0.0,3.02,1.0
947,3.0,450.0,366.0,182.0,184.0,96.0,84.0,62.0,47.0,8.0,2.61,0.497
948,5.0,855.0,675.0,675.0,0.0,183.0,180.0,0.0,0.0,0.0,2.81,1.0
949,4.0,144.0,120.0,93.0,27.0,42.0,24.0,8.0,7.0,3.0,3.16,0.775
950,5.0,240.0,209.0,169.0,40.0,87.0,31.0,13.0,16.0,3.0,2.82,0.809
951,2.0,92.0,78.0,78.0,0.0,20.0,14.0,0.0,0.0,0.0,2.31,1.0
952,1.0,51.0,44.0,44.0,0.0,15.0,7.0,0.0,0.0,0.0,2.43,1.0
953,3.0,522.0,431.0,347.0,84.0,170.0,91.0,34.0,17.0,2.0,2.74,0.805
954,4.0,672.0,535.0,535.0,0.0,130.0,137.0,0.0,0.0,0.0,2.51,1.0
955,5.0,350.0,267.0,267.0,0.0,66.0,83.0,0.0,0.0,0.0,2.74,1.0
956,3.0,318.0,267.0,206.0,61.0,99.0,51.0,13.0,14.0,3.0,2.62,0.772
957,4.0,180.0,147.0,114.0,33.0,58.0,33.0,12.0,14.0,3.0,2.68,0.776
958,5.0,690.0,535.0,535.0,0.0,134.0,155.0,0.0,0.0,0.0,2.6,1.0
959,2.0,90.0,69.0,69.0,0.0,14.0,21.0,0.0,0.0,0.0,2.66,1.0
960,3.0,477.0,398.0,319.0,79.0,162.0,79.0,27.0,17.0,3.0,2.81,0.802
961,5.0,705.0,563.0,563.0,0.0,142.0,142.0,0.0,0.0,0.0,2.88,1.0
962,2.0,72.0,58.0,58.0,0.0,22.0,14.0,0.0,0.0,0.0,2.71,1.0
963,3.0,120.0,92.0,45.0,47.0,27.0,28.0,13.0,13.0,8.0,3.09,0.489
964,4.0,128.0,106.0,56.0,50.0,24.0,22.0,13.0,13.0,6.0,2.7,0.528
965,1.0,43.0,27.0,23.0,4.0,9.0,16.0,0.0,0.0,3.0,2.97,0.852
966,3.0,369.0,300.0,162.0,138.0,83.0,69.0,45.0,39.0,4.0,2.73,0.54
967,5.0,520.0,405.0,405.0,0.0,93.0,115.0,0.0,0.0,0.0,2.67,1.0
968,5.0,480.0,386.0,386.0,0.0,87.0,94.0,0.0,0.0,0.0,2.89,1.0
969,2.0,152.0,121.0,64.0,57.0,36.0,31.0,20.0,16.0,6.0,2.56,0.529
970,3.0,276.0,234.0,127.0,107.0,63.0,42.0,38.0,22.0,6.0,2.71,0.543
971,1.0,31.0,28.0,14.0,14.0,9.0,3.0,4.0,3.0,3.0,1.99,0.5
972,2.0,192.0,156.0,128.0,28.0,62.0,36.0,8.0,13.0,3.0,2.85,0.821
973,5.0,260.0,219.0,175.0,44.0,86.0,41.0,15.0,10.0,3.0,2.76,0.799
974,5.0,360.0,298.0,240.0,58.0,128.0,62.0,18.0,16.0,3.0,2.61,0.805
975,3.0,360.0,297.0,234.0,63.0,118.0,63.0,23.0,14.0,3.0,2.73,0.788
976,4.0,576.0,463.0,463.0,0.0,115.0,113.0,0.0,0.0,0.0,2.82,1.0
977,1.0,34.0,25.0,6.0,19.0,3.0,9.0,5.0,6.0,5.0,2.28,0.24
978,5.0,645.0,530.0,441.0,89.0,237.0,115.0,28.0,27.0,2.0,2.8,0.832
979,4.0,280.0,223.0,223.0,0.0,48.0,57.0,0.0,0.0,0.0,2.28,1.0
980,3.0,240.0,192.0,192.0,0.0,36.0,48.0,0.0,0.0,0.0,3.06,1.0
981,3.0,324.0,276.0,214.0,62.0,112.0,48.0,28.0,22.0,3.0,2.71,0.775
982,1.0,51.0,38.0,18.0,20.0,8.0,13.0,5.0,5.0,3.0,3.16,0.474
983,3.0,210.0,158.0,88.0,70.0,39.0,52.0,18.0,18.0,4.0,2.87,0.557
984,4.0,124.0,96.0,96.0,0.0,27.0,28.0,0.0,0.0,0.0,2.64,1.0
985,4.0,360.0,284.0,284.0,0.0,68.0,76.0,0.0,0.0,0.0,2.59,1.0
986,4.0,208.0,165.0,141.0,24.0,77.0,43.0,8.0,5.0,2.0,2.69,0.855
987,4.0,264.0,210.0,210.0,0.0,52.0,54.0,0.0,0.0,0.0,2.6,1.0
988,5.0,480.0,395.0,395.0,0.0,105.0,85.0,0.0,0.0,0.0,2.65,1.0
989,3.0,270.0,209.0,209.0,0.0,48.0,61.0,0.0,0.0,0.0,2.9,1.0
990,2.0,236.0,202.0,202.0,0.0,41.0,34.0,0.0,0.0,0.0,2.75,1.0
991,3.0,423.0,334.0,334.0,0.0,71.0,89.0,0.0,0.0,0.0,2.93,1.0
992,1.0,44.0,35.0,18.0,17.0,10.0,9.0,7.0,7.0,3.0,2.37,0.514
993,4.0,588.0,459.0,459.0,0.0,106.0,129.0,0.0,0.0,0.0,2.66,1.0
994,1.0,50.0,39.0,29.0,10.0,16.0,11.0,3.0,2.0,2.0,3.22,0.744
995,2.0,106.0,87.0,70.0,17.0,29.0,19.0,7.0,4.0,1.0,2.42,0.805
996,1.0,30.0,23.0,12.0,11.0,9.0,7.0,2.0,3.0,3.0,2.98,0.522
997,3.0,315.0,256.0,256.0,0.0,56.0,59.0,0.0,0.0,0.0,2.79,1.0
998,1.0,46.0,39.0,32.0,7.0,15.0,7.0,2.0,1.0,2.0,3.17,0.821
999,5.0,550.0,448.0,361.0,87.0,173.0,102.0,38.0,24.0,3.0,2.74,0.806
1000,5.0,660.0,521.0,521.0,0.0,122.0,139.0,0.0,0.0,0.0,2.64,1.0
1001,2.0,208.0,158.0,72.0,86.0,31.0,50.0,25.0,25.0,5.0,2.79,0.456
1002,4.0,480.0,399.0,399.0,0.0,109.0,81.0,0.0,0.0,0.0,2.7,1.0
1003,2.0,224.0,176.0,176.0,0.0,53.0,48.0,0.0,0.0,0.0,2.84,1.0
1004,3.0,120.0,97.0,97.0,0.0,28.0,23.0,0.0,0.0,0.0,2.9,1.0
1005,4.0,444.0,366.0,366.0,0.0,74.0,78.0,0.0,0.0,0.0,2.76,1.0
1006,4.0,384.0,302.0,147.0,155.0,78.0,82.0,61.0,34.0,6.0,2.81,0.487
1007,5.0,155.0,128.0,98.0,30.0,46.0,27.0,13.0,8.0,3.0,3.05,0.766
1008,3.0,306.0,249.0,134.0,115.0,58.0,57.0,37.0,30.0,5.0,2.58,0.538
1009,4.0,492.0,382.0,382.0,0.0,90.0,110.0,0.0,0.0,0.0,2.71,1.0
1010,1.0,44.0,40.0,40.0,0.0,11.0,4.0,0.0,0.0,0.0,2.48,1.0
1011,3.0,336.0,277.0,231.0,46.0,112.0,59.0,18.0,17.0,2.0,2.79,0.834
1012,2.0,216.0,175.0,175.0,0.0,55.0,41.0,0.0,0.0,0.0,2.69,1.0
1013,4.0,352.0,276.0,131.0,145.0,76.0,76.0,43.0,43.0,9.0,2.75,0.475
1014,5.0,380.0,306.0,306.0,0.0,83.0,74.0,0.0,0.0,0.0,2.9,1.0
1015,2.0,60.0,46.0,39.0,7.0,24.0,14.0,1.0,2.0,2.0,2.8,0.848
1016,1.0,55.0,44.0,34.0,10.0,16.0,11.0,2.0,3.0,2.0,2.57,0.773
1017,5.0,480.0,394.0,394.0,0.0,112.0,86.0,0.0,0.0,0.0,2.72,1.0
1018,5.0,285.0,228.0,228.0,0.0,48.0,57.0,0.0,0.0,0.0,2.57,1.0
1019,4.0,392.0,318.0,318.0,0.0,68.0,74.0,0.0,0.0,0.0,2.62,1.0
1020,3.0,174.0,139.0,139.0,0.0,30.0,35.0,0.0,0.0,0.0,2.56,1.0
1021,4.0,424.0,354.0,279.0,75.0,147.0,70.0,33.0,16.0,3.0,2.84,0.788
1022,2.0,102.0,86.0,69.0,17.0,35.0,16.0,7.0,5.0,2.0,2.82,0.802
1023,5.0,810.0,678.0,557.0,121.0,257.0,132.0,40.0,27.0,4.0,2.83,0.822
1024,2.0,152.0,128.0,107.0,21.0,61.0,24.0,9.0,2.0,2.0,2.84,0.836
1025,5.0,275.0,222.0,222.0,0.0,58.0,53.0,0.0,0.0,0.0,2.6,1.0
1026,5.0,225.0,168.0,86.0,82.0,38.0,57.0,25.0,22.0,5.0,2.76,0.512
1027,4.0,384.0,314.0,162.0,152.0,74.0,70.0,47.0,39.0,6.0,2.85,0.516
1028,5.0,220.0,172.0,172.0,0.0,44.0,48.0,0.0,0.0,0.0,3.03,1.0
1029,4.0,588.0,480.0,480.0,0.0,123.0,108.0,0.0,0.0,0.0,2.74,1.0
1030,5.0,870.0,734.0,587.0,147.0,295.0,136.0,44.0,43.0,4.0,2.85,0.8
1031,4.0,352.0,277.0,127.0,150.0,69.0,75.0,50.0,50.0,5.0,2.56,0.458
1032,3.0,378.0,314.0,245.0,69.0,117.0,64.0,25.0,19.0,3.0,2.63,0.78
1033,4.0,376.0,306.0,306.0,0.0,63.0,70.0,0.0,0.0,0.0,2.96,1.0
1034,3.0,513.0,407.0,407.0,0.0,110.0,106.0,0.0,0.0,0.0,2.62,1.0
1035,5.0,450.0,379.0,313.0,66.0,173.0,71.0,21.0,19.0,2.0,2.88,0.826
1036,3.0,90.0,74.0,74.0,0.0,20.0,16.0,0.0,0.0,0.0,2.72,1.0
1037,1.0,38.0,32.0,25.0,7.0,18.0,6.0,1.0,2.0,2.0,2.24,0.781
1038,4.0,480.0,381.0,381.0,0.0,90.0,99.0,0.0,0.0,0.0,2.58,1.0
1039,1.0,35.0,25.0,25.0,0.0,7.0,10.0,0.0,0.0,0.0,3.36,1.0
1040,3.0,135.0,105.0,105.0,0.0,27.0,30.0,0.0,0.0,0.0,2.95,1.0
1041,3.0,180.0,141.0,120.0,21.0,63.0,39.0,7.0,5.0,3.0,2.71,0.851
1042,1.0,51.0,39.0,19.0,20.0,8.0,12.0,4.0,5.0,4.0,2.98,0.487
1043,5.0,245.0,189.0,91.0,98.0,50.0,56.0,27.0,34.0,5.0,2.98,0.481
1044,1.0,54.0,41.0,19.0,22.0,7.0,13.0,6.0,7.0,4.0,2.21,0.463
1045,5.0,240.0,198.0,198.0,0.0,52.0,42.0,0.0,0.0,0.0,2.45,1.0
1046,1.0,48.0,39.0,31.0,8.0,20.0,9.0,6.0,4.0,2.0,2.5,0.795
1047,2.0,82.0,70.0,70.0,0.0,18.0,12.0,0.0,0.0,0.0,2.86,1.0
1048,2.0,152.0,127.0,127.0,0.0,35.0,25.0,0.0,0.0,0.0,2.68,1.0
1049,2.0,148.0,130.0,105.0,25.0,49.0,18.0,6.0,8.0,3.0,2.77,0.808
1050,5.0,285.0,236.0,236.0,0.0,54.0,49.0,0.0,0.0,0.0,2.39,1.0
1051,5.0,525.0,429.0,429.0,0.0,114.0,96.0,0.0,0.0,0.0,2.57,1.0
1052,5.0,480.0,381.0,381.0,0.0,91.0,99.0,0.0,0.0,0.0,2.7,1.0
1053,4.0,376.0,306.0,306.0,0.0,74.0,70.0,0.0,0.0,0.0,2.68,1.0
1054,1.0,50.0,36.0,36.0,0.0,12.0,14.0,0.0,0.0,0.0,2.58,1.0
1055,5.0,560.0,433.0,233.0,200.0,112.0,127.0,63.0,56.0,6.0,2.6,0.538
1056,3.0,351.0,285.0,142.0,143.0,72.0,66.0,51.0,35.0,6.0,2.83,0.498
1057,1.0,37.0,29.0,26.0,3.0,10.0,8.0,1.0,0.0,1.0,2.63,0.897
1058,1.0,53.0,46.0,46.0,0.0,12.0,7.0,0.0,0.0,0.0,2.19,1.0
1059,4.0,288.0,230.0,230.0,0.0,59.0,58.0,0.0,0.0,0.0,3.02,1.0
1060,3.0,153.0,126.0,66.0,60.0,35.0,27.0,22.0,17.0,5.0,2.75,0.524
1061,3.0,141.0,118.0,89.0,29.0,43.0,23.0,13.0,10.0,2.0,2.9,0.754
1062,5.0,190.0,147.0,147.0,0.0,44.0,43.0,0.0,0.0,0.0,2.53,1.0
1063,5.0,525.0,442.0,362.0,80.0,192.0,83.0,26.0,16.0,3.0,2.72,0.819
1064,2.0,168.0,137.0,63.0,74.0,27.0,31.0,25.0,23.0,6.0,2.12,0.46
1065,4.0,400.0,334.0,334.0,0.0,68.0,66.0,0.0,0.0,0.0,2.68,1.0
1066,2.0,106.0,86.0,86.0,0.0,18.0,20.0,0.0,0.0,0.0,2.43,1.0
1067,5.0,870.0,710.0,553.0,157.0,266.0,160.0,50.0,41.0,3.0,2.6,0.779
1068,1.0,57.0,47.0,47.0,0.0,11.0,10.0,0.0,0.0,0.0,2.75,1.0
1069,2.0,92.0,68.0,68.0,0.0,18.0,24.0,0.0,0.0,0.0,2.81,1.0
1070,2.0,200.0,155.0,75.0,80.0,40.0,45.0,27.0,23.0,7.0,2.51,0.484
1071,2.0,100.0,85.0,65.0,20.0,25.0,15.0,10.0,4.0,2.0,2.76,0.765
1072,3.0,348.0,280.0,280.0,0.0,63.0,68.0,0.0,0.0,0.0,2.62,1.0
1073,4.0,472.0,380.0,380.0,0.0,92.0,92.0,0.0,0.0,0.0,2.7,1.0
1074,2.0,108.0,93.0,75.0,18.0,45.0,15.0,6.0,4.0,3.0,2.88,0.806
1075,4.0,156.0,117.0,117.0,0.0,23.0,39.0,0.0,0.0,0.0,2.59,1.0
1076,2.0,66.0,56.0,45.0,11.0,19.0,10.0,5.0,1.0,2.0,2.45,0.804
1077,4.0,472.0,384.0,384.0,0.0,102.0,88.0,0.0,0.0,0.0,2.86,1.0
1078,3.0,459.0,381.0,308.0,73.0,154.0,78.0,23.0,20.0,2.0,2.74,0.808
1079,5.0,170.0,143.0,143.0,0.0,39.0,27.0,0.0,0.0,0.0,2.55,1.0
1080,5.0,150.0,122.0,96.0,26.0,39.0,28.0,11.0,8.0,3.0,2.61,0.787
1081,4.0,352.0,299.0,239.0,60.0,121.0,53.0,17.0,12.0,4.0,2.71,0.799
1082,3.0,153.0,123.0,123.0,0.0,38.0,30.0,0.0,0.0,0.0,2.98,1.0
1083,2.0,108.0,93.0,69.0,24.0,44.0,15.0,10.0,4.0,3.0,2.58,0.742
1084,1.0,54.0,44.0,38.0,6.0,18.0,10.0,1.0,1.0,1.0,2.4,0.864
1085,2.0,168.0,125.0,68.0,57.0,29.0,43.0,20.0,11.0,5.0,2.86,0.544
1086,5.0,180.0,147.0,147.0,0.0,35.0,33.0,0.0,0.0,0.0,2.43,1.0
1087,1.0,49.0,41.0,31.0,10.0,14.0,8.0,2.0,3.0,2.0,2.73,0.756
1088,5.0,390.0,327.0,272.0,55.0,145.0,63.0,15.0,14.0,2.0,2.95,0.832
1089,5.0,420.0,326.0,326.0,0.0,81.0,94.0,0.0,0.0,0.0,2.76,1.0
1090,4.0,408.0,346.0,263.0,83.0,129.0,62.0,19.0,26.0,3.0,2.78,0.76
1091,1.0,40.0,33.0,30.0,3.0,23.0,7.0,1.0,0.0,2.0,2.64,0.909
1092,3.0,342.0,270.0,270.0,0.0,56.0,72.0,0.0,0.0,0.0,2.93,1.0
1093,4.0,216.0,180.0,146.0,34.0,66.0,36.0,10.0,10.0,2.0,2.67,0.811
1094,4.0,228.0,186.0,98.0,88.0,43.0,42.0,30.0,25.0,4.0,2.78,0.527
1095,5.0,510.0,401.0,401.0,0.0,100.0,109.0,0.0,0.0,0.0,2.47,1.0
1096,3.0,204.0,169.0,133.0,36.0,66.0,35.0,13.0,8.0,3.0,2.71,0.787
1097,1.0,45.0,34.0,25.0,9.0,12.0,11.0,3.0,3.0,2.0,2.85,0.735
1098,2.0,98.0,73.0,73.0,0.0,20.0,25.0,0.0,0.0,0.0,2.9,1.0
1099,2.0,64.0,54.0,27.0,27.0,14.0,10.0,8.0,6.0,4.0,3.01,0.5
1100,3.0,378.0,303.0,303.0,0.0,67.0,75.0,0.0,0.0,0.0,2.87,1.0
1101,4.0,360.0,292.0,292.0,0.0,68.0,68.0,0.0,0.0,0.0,2.65,1.0
1102,5.0,480.0,392.0,318.0,74.0,154.0,88.0,22.0,24.0,3.0,2.78,0.811
1103,3.0,318.0,252.0,252.0,0.0,73.0,66.0,0.0,0.0,0.0,2.82,1.0
1104,3.0,198.0,155.0,67.0,88.0,36.0,43.0,25.0,20.0,7.0,2.75,0.432
1105,4.0,408.0,311.0,311.0,0.0,88.0,97.0,0.0,0.0,0.0,2.65,1.0
1106,3.0,144.0,120.0,120.0,0.0,20.0,24.0,0.0,0.0,0.0,2.77,1.0
1107,4.0,132.0,106.0,106.0,0.0,27.0,26.0,0.0,0.0,0.0,2.71,1.0
1108,2.0,176.0,141.0,115.0,26.0,52.0,35.0,10.0,6.0,2.0,2.81,0.816
1109,2.0,60.0,48.0,48.0,0.0,13.0,12.0,0.0,0.0,0.0,3.39,1.0
1110,4.0,160.0,131.0,114.0,17.0,64.0,29.0,9.0,6.0,2.0,2.7,0.87
1111,3.0,531.0,444.0,351.0,93.0,171.0,87.0,36.0,28.0,4.0,2.72,0.791
1112,1.0,38.0,31.0,28.0,3.0,13.0,7.0,1.0,0.0,1.0,2.98,0.903
1113,1.0,34.0,29.0,22.0,7.0,12.0,5.0,3.0,1.0,2.0,3.19,0.759
1114,4.0,184.0,146.0,146.0,0.0,44.0,38.0,0.0,0.0,0.0,3.19,1.0
1115,2.0,144.0,121.0,121.0,0.0,32.0,23.0,0.0,0.0,0.0,2.56,1.0
1116,1.0,48.0,41.0,41.0,0.0,7.0,7.0,0.0,0.0,0.0,2.41,1.0
1117,2.0,96.0,84.0,84.0,0.0,20.0,12.0,0.0,0.0,0.0,2.86,1.0
1118,4.0,368.0,300.0,243.0,57.0,144.0,68.0,18.0,16.0,3.0,2.84,0.81
1119,5.0,855.0,690.0,690.0,0.0,172.0,165.0,0.0,0.0,0.0,2.81,1.0
1120,2.0,92.0,77.0,67.0,10.0,35.0,15.0,5.0,2.0,1.0,2.78,0.87
1121,2.0,184.0,165.0,129.0,36.0,66.0,19.0,11.0,11.0,4.0,2.77,0.782
1122,4.0,440.0,367.0,285.0,82.0,142.0,73.0,23.0,20.0,3.0,2.72,0.777
1123,4.0,336.0,279.0,230.0,49.0,114.0,57.0,12.0,10.0,2.0,2.76,0.824
1124,2.0,172.0,133.0,133.0,0.0,24.0,39.0,0.0,0.0,0.0,2.47,1.0
1125,5.0,170.0,137.0,107.0,30.0,56.0,33.0,11.0,12.0,2.0,2.92,0.781
1126,5.0,250.0,209.0,106.0,103.0,49.0,41.0,41.0,31.0,5.0,2.66,0.507
1127,2.0,84.0,64.0,64.0,0.0,17.0,20.0,0.0,0.0,0.0,2.97,1.0
1128,5.0,580.0,487.0,395.0,92.0,205.0,93.0,23.0,31.0,3.0,2.82,0.811
1129,4.0,464.0,362.0,196.0,166.0,101.0,102.0,55.0,43.0,4.0,2.72,0.541
1130,2.0,114.0,91.0,68.0,23.0,28.0,23.0,11.0,5.0,2.0,2.86,0.747
1131,1.0,50.0,34.0,22.0,12.0,4.0,16.0,3.0,1.0,3.0,3.06,0.647
1132,3.0,141.0,113.0,113.0,0.0,31.0,28.0,0.0,0.0,0.0,2.5,1.0
1133,2.0,104.0,78.0,78.0,0.0,18.0,26.0,0.0,0.0,0.0,2.32,1.0
1134,5.0,540.0,443.0,356.0,87.0,175.0,97.0,22.0,27.0,3.0,2.7,0.804
1135,2.0,208.0,164.0,164.0,0.0,41.0,44.0,0.0,0.0,0.0,2.89,1.0
1136,2.0,184.0,143.0,143.0,0.0,42.0,41.0,0.0,0.0,0.0,3.32,1.0
1137,4.0,480.0,383.0,383.0,0.0,83.0,97.0,0.0,0.0,0.0,2.85,1.0
1138,3.0,414.0,325.0,173.0,152.0,87.0,89.0,52.0,44.0,4.0,2.94,0.532
1139,3.0,513.0,424.0,352.0,72.0,181.0,89.0,24.0,19.0,2.0,2.66,0.83
1140,2.0,74.0,60.0,29.0,31.0,12.0,14.0,11.0,10.0,5.0,2.69,0.483
1141,3.0,108.0,89.0,67.0,22.0,23.0,19.0,8.0,3.0,4.0,2.5,0.753
1142,3.0,126.0,102.0,82.0,20.0,40.0,24.0,8.0,7.0,2.0,2.49,0.804
1143,5.0,500.0,400.0,400.0,0.0,106.0,100.0,0.0,0.0,0.0,2.67,1.0
1144,1.0,40.0,34.0,34.0,0.0,10.0,6.0,0.0,0.0,0.0,2.25,1.0
1145,1.0,47.0,37.0,37.0,0.0,6.0,10.0,0.0,0.0,0.0,3.34,1.0
1146,5.0,160.0,132.0,132.0,0.0,44.0,28.0,0.0,0.0,0.0,2.52,1.0
1147,4.0,124.0,100.0,100.0,0.0,25.0,24.0,0.0,0.0,0.0,2.2,1.0
1148,3.0,102.0,79.0,63.0,16.0,31.0,23.0,4.0,4.0,2.0,3.17,0.797
1149,3.0,432.0,344.0,184.0,160.0,91.0,88.0,56.0,43.0,5.0,2.6,0.535
1150,4.0,516.0,407.0,407.0,0.0,106.0,109.0,0.0,0.0,0.0,2.71,1.0
1151,4.0,132.0,97.0,97.0,0.0,18.0,35.0,0.0,0.0,0.0,2.87,1.0
1152,5.0,300.0,245.0,245.0,0.0,62.0,55.0,0.0,0.0,0.0,2.66,1.0
1153,5.0,555.0,460.0,370.0,90.0,184.0,95.0,25.0,23.0,3.0,2.8,0.804
1154,2.0,140.0,108.0,108.0,0.0,24.0,32.0,0.0,0.0,0.0,2.72,1.0
1155,4.0,240.0,203.0,150.0,53.0,77.0,37.0,12.0,15.0,3.0,2.28,0.739
1156,1.0,57.0,40.0,40.0,0.0,5.0,17.0,0.0,0.0,0.0,2.46,1.0
1157,1.0,33.0,29.0,21.0,8.0,11.0,4.0,6.0,1.0,1.0,3.48,0.724
1158,1.0,56.0,47.0,41.0,6.0,19.0,9.0,2.0,2.0,1.0,2.32,0.872
1159,1.0,32.0,28.0,19.0,9.0,7.0,4.0,4.0,4.0,3.0,2.35,0.679
1160,1.0,55.0,44.0,44.0,0.0,10.0,11.0,0.0,0.0,0.0,2.63,1.0
1161,5.0,570.0,433.0,433.0,0.0,104.0,137.0,0.0,0.0,0.0,2.67,1.0
1162,5.0,560.0,423.0,203.0,220.0,108.0,137.0,78.0,62.0,7.0,2.84,0.48
1163,2.0,196.0,144.0,144.0,0.0,35.0,52.0,0.0,0.0,0.0,3.06,1.0
1164,2.0,84.0,65.0,34.0,31.0,16.0,19.0,14.0,7.0,3.0,2.75,0.523
1165,5.0,810.0,679.0,560.0,119.0,301.0,131.0,47.0,32.0,6.0,2.71,0.825
1166,4.0,372.0,308.0,308.0,0.0,77.0,64.0,0.0,0.0,0.0,2.95,1.0
1167,3.0,288.0,227.0,227.0,0.0,52.0,61.0,0.0,0.0,0.0,2.92,1.0
1168,5.0,840.0,660.0,660.0,0.0,169.0,180.0,0.0,0.0,0.0,2.84,1.0
1169,5.0,525.0,409.0,207.0,202.0,91.0,116.0,72.0,54.0,6.0,2.59,0.506
1170,3.0,288.0,224.0,188.0,36.0,94.0,64.0,12.0,10.0,2.0,2.71,0.839
1171,3.0,108.0,87.0,87.0,0.0,26.0,21.0,0.0,0.0,0.0,2.46,1.0
1172,3.0,180.0,142.0,67.0,75.0,35.0,38.0,30.0,22.0,6.0,2.66,0.472
1173,1.0,34.0,25.0,16.0,9.0,8.0,9.0,2.0,2.0,2.0,2.46,0.64
1174,3.0,99.0,73.0,73.0,0.0,23.0,26.0,0.0,0.0,0.0,2.98,1.0
1175,3.0,165.0,128.0,128.0,0.0,22.0,37.0,0.0,0.0,0.0,2.65,1.0
1176,5.0,560.0,446.0,446.0,0.0,99.0,114.0,0.0,0.0,0.0,2.75,1.0
1177,2.0,188.0,154.0,128.0,26.0,57.0,34.0,6.0,6.0,3.0,2.77,0.831
1178,5.0,300.0,232.0,232.0,0.0,51.0,68.0,0.0,0.0,0.0,2.82,1.0
1179,4.0,360.0,275.0,275.0,0.0,70.0,85.0,0.0,0.0,0.0,2.66,1.0
1180,5.0,300.0,241.0,193.0,48.0,96.0,59.0,14.0,10.0,3.0,2.67,0.801
1181,5.0,675.0,538.0,538.0,0.0,135.0,137.0,0.0,0.0,0.0,2.64,1.0
1182,4.0,208.0,167.0,167.0,0.0,39.0,41.0,0.0,0.0,0.0,2.62,1.0
1183,3.0,123.0,98.0,98.0,0.0,25.0,25.0,0.0,0.0,0.0,3.02,1.0
1184,1.0,40.0,31.0,31.0,0.0,9.0,9.0,0.0,0.0,0.0,3.65,1.0
1185,3.0,180.0,157.0,83.0,74.0,46.0,23.0,21.0,23.0,8.0,2.8,0.529
1186,3.0,414.0,325.0,325.0,0.0,87.0,89.0,0.0,0.0,0.0,2.86,1.0
1187,3.0,294.0,239.0,239.0,0.0,60.0,55.0,0.0,0.0,0.0,2.7,1.0
1188,2.0,228.0,177.0,95.0,82.0,47.0,51.0,26.0,22.0,5.0,2.68,0.537
1189,4.0,288.0,247.0,194.0,53.0,107.0,41.0,14.0,15.0,4.0,2.42,0.785
1190,3.0,318.0,264.0,264.0,0.0,66.0,54.0,0.0,0.0,0.0,2.92,1.0
1191,3.0,531.0,445.0,353.0,92.0,171.0,86.0,29.0,25.0,4.0,2.77,0.793
1192,2.0,106.0,78.0,78.0,0.0,15.0,28.0,0.0,0.0,0.0,2.74,1.0
1193,5.0,215.0,175.0,175.0,0.0,46.0,40.0,0.0,0.0,0.0,2.35,1.0
1194,5.0,720.0,588.0,458.0,130.0,221.0,132.0,35.0,39.0,4.0,2.6,0.779
1195,1.0,47.0,36.0,15.0,21.0,6.0,11.0,7.0,6.0,6.0,2.95,0.417
1196,3.0,477.0,392.0,392.0,0.0,90.0,85.0,0.0,0.0,0.0,2.62,1.0
1197,3.0,432.0,340.0,340.0,0.0,93.0,92.0,0.0,0.0,0.0,2.8,1.0
1198,2.0,80.0,62.0,62.0,0.0,12.0,18.0,0.0,0.0,0.0,2.69,1.0
1199,2.0,112.0,91.0,44.0,47.0,22.0,21.0,13.0,17.0,5.0,2.85,0.484
1200,3.0,396.0,318.0,236.0,82.0,119.0,78.0,32.0,20.0,3.0,2.73,0.742
1201,5.0,465.0,382.0,382.0,0.0,101.0,83.0,0.0,0.0,0.0,2.99,1.0
1202,2.0,172.0,141.0,141.0,0.0,35.0,31.0,0.0,0.0,0.0,3.26,1.0
1203,3.0,276.0,219.0,219.0,0.0,51.0,57.0,0.0,0.0,0.0,2.71,1.0
1204,3.0,387.0,330.0,259.0,71.0,126.0,57.0,33.0,20.0,3.0,2.72,0.785
1205,5.0,600.0,474.0,474.0,0.0,132.0,126.0,0.0,0.0,0.0,2.64,1.0
1206,2.0,236.0,181.0,181.0,0.0,41.0,55.0,0.0,0.0,0.0,3.27,1.0
1207,1.0,55.0,50.0,31.0,19.0,16.0,5.0,5.0,5.0,2.0,3.05,0.62
1208,2.0,106.0,78.0,78.0,0.0,14.0,28.0,0.0,0.0,0.0,2.09,1.0
1209,4.0,648.0,509.0,238.0,271.0,118.0,139.0,95.0,73.0,7.0,2.59,0.468
1210,2.0,116.0,100.0,100.0,0.0,19.0,16.0,0.0,0.0,0.0,3.17,1.0
1211,4.0,564.0,454.0,454.0,0.0,113.0,110.0,0.0,0.0,0.0,2.82,1.0
1212,4.0,696.0,562.0,280.0,282.0,128.0,134.0,93.0,76.0,6.0,2.42,0.498
1213,2.0,176.0,138.0,138.0,0.0,39.0,38.0,0.0,0.0,0.0,2.76,1.0
1214,4.0,708.0,566.0,281.0,285.0,149.0,142.0,95.0,81.0,8.0,2.66,0.496
1215,4.0,480.0,380.0,380.0,0.0,87.0,100.0,0.0,0.0,0.0,2.48,1.0
1216,5.0,280.0,223.0,223.0,0.0,54.0,57.0,0.0,0.0,0.0,2.82,1.0
1217,1.0,49.0,42.0,35.0,7.0,15.0,7.0,0.0,3.0,1.0,2.95,0.833
1218,5.0,600.0,486.0,486.0,0.0,117.0,114.0,0.0,0.0,0.0,2.89,1.0
1219,1.0,59.0,48.0,24.0,24.0,13.0,11.0,12.0,9.0,3.0,2.38,0.5
1220,2.0,88.0,69.0,69.0,0.0,16.0,19.0,0.0,0.0,0.0,3.0,1.0
1221,2.0,84.0,69.0,51.0,18.0,20.0,15.0,2.0,4.0,4.0,2.25,0.739
1222,3.0,378.0,312.0,312.0,0.0,68.0,66.0,0.0,0.0,0.0,2.88,1.0
1223,4.0,400.0,322.0,322.0,0.0,81.0,78.0,0.0,0.0,0.0,2.57,1.0
1224,4.0,708.0,573.0,294.0,279.0,156.0,135.0,91.0,77.0,7.0,2.85,0.513
1225,1.0,38.0,34.0,32.0,2.0,9.0,4.0,1.0,0.0,1.0,2.17,0.941
1226,2.0,100.0,79.0,39.0,40.0,20.0,21.0,14.0,12.0,7.0,2.93,0.494
1227,3.0,126.0,92.0,92.0,0.0,22.0,34.0,0.0,0.0,0.0,2.52,1.0
1228,2.0,118.0,100.0,80.0,20.0,37.0,18.0,9.0,4.0,2.0,2.55,0.8
1229,4.0,432.0,340.0,169.0,171.0,87.0,92.0,63.0,43.0,6.0,2.85,0.497
1230,4.0,360.0,285.0,123.0,162.0,54.0,75.0,55.0,45.0,8.0,2.79,0.432
1231,5.0,450.0,359.0,359.0,0.0,86.0,91.0,0.0,0.0,0.0,2.52,1.0
1232,2.0,72.0,59.0,36.0,23.0,19.0,13.0,5.0,5.0,4.0,2.9,0.61
1233,2.0,96.0,81.0,61.0,20.0,24.0,15.0,8.0,3.0,2.0,2.88,0.753
1234,1.0,58.0,46.0,27.0,19.0,12.0,12.0,9.0,3.0,3.0,2.97,0.587
1235,4.0,372.0,311.0,241.0,70.0,121.0,61.0,29.0,18.0,3.0,2.63,0.775
1236,2.0,212.0,172.0,172.0,0.0,45.0,40.0,0.0,0.0,0.0,2.78,1.0
1237,3.0,459.0,356.0,178.0,178.0,81.0,103.0,66.0,49.0,5.0,2.72,0.5
1238,2.0,60.0,50.0,39.0,11.0,23.0,10.0,2.0,3.0,2.0,3.24,0.78
1239,4.0,672.0,537.0,252.0,285.0,129.0,135.0,95.0,91.0,6.0,2.73,0.469
1240,3.0,174.0,142.0,122.0,20.0,54.0,32.0,6.0,7.0,1.0,2.56,0.859
1241,5.0,615.0,511.0,256.0,255.0,120.0,104.0,91.0,71.0,6.0,2.7,0.501
1242,2.0,70.0,56.0,43.0,13.0,28.0,14.0,2.0,4.0,2.0,2.61,0.768
1243,4.0,184.0,148.0,79.0,69.0,38.0,36.0,28.0,20.0,5.0,2.21,0.534
1244,2.0,140.0,108.0,108.0,0.0,31.0,32.0,0.0,0.0,0.0,2.93,1.0
1245,4.0,612.0,488.0,227.0,261.0,120.0,124.0,83.0,70.0,8.0,2.89,0.465
1246,1.0,34.0,26.0,26.0,0.0,7.0,8.0,0.0,0.0,0.0,2.9,1.0
1247,2.0,82.0,64.0,64.0,0.0,12.0,18.0,0.0,0.0,0.0,3.31,1.0
1248,5.0,150.0,118.0,118.0,0.0,25.0,32.0,0.0,0.0,0.0,3.18,1.0
1249,3.0,423.0,339.0,186.0,153.0,90.0,84.0,49.0,40.0,6.0,2.77,0.549
1250,2.0,104.0,80.0,80.0,0.0,18.0,24.0,0.0,0.0,0.0,3.26,1.0
1251,5.0,660.0,530.0,263.0,267.0,136.0,130.0,89.0,67.0,7.0,2.7,0.496
1252,5.0,705.0,558.0,558.0,0.0,132.0,147.0,0.0,0.0,0.0,2.65,1.0
1253,1.0,45.0,36.0,36.0,0.0,12.0,9.0,0.0,0.0,0.0,2.86,1.0
1254,4.0,600.0,464.0,464.0,0.0,119.0,136.0,0.0,0.0,0.0,2.79,1.0
1255,5.0,570.0,479.0,378.0,101.0,195.0,91.0,33.0,28.0,5.0,2.64,0.789
1256,2.0,116.0,100.0,76.0,24.0,37.0,16.0,7.0,4.0,2.0,2.72,0.76
1257,1.0,52.0,49.0,42.0,7.0,20.0,3.0,3.0,1.0,2.0,2.32,0.857
1258,3.0,135.0,109.0,89.0,20.0,46.0,26.0,8.0,3.0,2.0,2.59,0.817
1259,5.0,705.0,551.0,262.0,289.0,130.0,154.0,98.0,79.0,6.0,2.64,0.475
1260,5.0,320.0,256.0,256.0,0.0,68.0,64.0,0.0,0.0,0.0,2.61,1.0
1261,5.0,370.0,311.0,243.0,68.0,126.0,59.0,27.0,23.0,3.0,2.94,0.781
1262,5.0,570.0,454.0,217.0,237.0,116.0,116.0,83.0,66.0,7.0,2.65,0.478
1263,5.0,200.0,160.0,160.0,0.0,41.0,40.0,0.0,0.0,0.0,2.68,1.0
1264,3.0,210.0,173.0,173.0,0.0,44.0,37.0,0.0,0.0,0.0,2.8,1.0
1265,5.0,555.0,438.0,438.0,0.0,94.0,117.0,0.0,0.0,0.0,2.56,1.0
1266,1.0,50.0,37.0,22.0,15.0,11.0,13.0,8.0,5.0,2.0,2.14,0.595
1267,5.0,440.0,353.0,353.0,0.0,89.0,87.0,0.0,0.0,0.0,2.73,1.0
1268,5.0,495.0,401.0,401.0,0.0,92.0,94.0,0.0,0.0,0.0,2.92,1.0
1269,4.0,672.0,559.0,459.0,100.0,225.0,113.0,34.0,27.0,2.0,2.8,0.821
1270,2.0,144.0,118.0,118.0,0.0,23.0,26.0,0.0,0.0,0.0,2.79,1.0
1271,3.0,441.0,343.0,271.0,72.0,135.0,98.0,27.0,13.0,3.0,2.73,0.79
1272,5.0,420.0,325.0,325.0,0.0,80.0,95.0,0.0,0.0,0.0,2.51,1.0
1273,1.0,39.0,30.0,13.0,17.0,7.0,9.0,5.0,3.0,3.0,2.37,0.433
1274,4.0,612.0,489.0,489.0,0.0,130.0,123.0,0.0,0.0,0.0,3.0,1.0
1275,5.0,450.0,375.0,295.0,80.0,140.0,75.0,26.0,27.0,3.0,2.72,0.787
1276,2.0,172.0,149.0,123.0,26.0,54.0,23.0,7.0,3.0,3.0,2.9,0.826
1277,5.0,450.0,371.0,287.0,84.0,154.0,79.0,24.0,22.0,5.0,2.75,0.774
1278,4.0,192.0,161.0,161.0,0.0,37.0,31.0,0.0,0.0,0.0,2.71,1.0
1279,3.0,432.0,354.0,354.0,0.0,87.0,78.0,0.0,0.0,0.0,2.84,1.0
1280,3.0,246.0,197.0,197.0,0.0,41.0,49.0,0.0,0.0,0.0,2.7,1.0
1281,5.0,840.0,673.0,319.0,354.0,170.0,167.0,131.0,99.0,9.0,2.83,0.474
1282,1.0,32.0,24.0,24.0,0.0,8.0,8.0,0.0,0.0,0.0,2.98,1.0
1283,2.0,120.0,92.0,48.0,44.0,23.0,28.0,15.0,12.0,4.0,2.21,0.522
1284,3.0,324.0,254.0,254.0,0.0,68.0,70.0,0.0,0.0,0.0,2.61,1.0
1285,2.0,108.0,88.0,72.0,16.0,31.0,20.0,1.0,5.0,2.0,2.87,0.818
1286,5.0,570.0,487.0,393.0,94.0,208.0,83.0,26.0,20.0,4.0,2.76,0.807
1287,1.0,30.0,20.0,20.0,0.0,2.0,10.0,0.0,0.0,0.0,1.27,1.0
1288,3.0,153.0,122.0,122.0,0.0,29.0,31.0,0.0,0.0,0.0,2.94,1.0
1289,3.0,174.0,140.0,69.0,71.0,36.0,34.0,26.0,25.0,5.0,2.82,0.493
1290,4.0,320.0,263.0,263.0,0.0,57.0,57.0,0.0,0.0,0.0,2.82,1.0
1291,3.0,90.0,74.0,74.0,0.0,27.0,16.0,0.0,0.0,0.0,2.62,1.0
1292,2.0,78.0,61.0,46.0,15.0,25.0,17.0,2.0,6.0,2.0,3.4,0.754
1293,2.0,88.0,74.0,37.0,37.0,19.0,14.0,8.0,11.0,3.0,2.95,0.5
1294,5.0,555.0,454.0,355.0,99.0,192.0,101.0,27.0,21.0,4.0,2.92,0.782
1295,5.0,525.0,433.0,433.0,0.0,105.0,92.0,0.0,0.0,0.0,2.59,1.0
1296,1.0,34.0,29.0,23.0,6.0,10.0,5.0,1.0,2.0,1.0,2.32,0.793
1297,3.0,504.0,400.0,198.0,202.0,118.0,104.0,68.0,55.0,8.0,2.75,0.495
1298,5.0,210.0,169.0,169.0,0.0,39.0,41.0,0.0,0.0,0.0,2.89,1.0
1299,1.0,53.0,48.0,41.0,7.0,22.0,5.0,0.0,1.0,2.0,2.99,0.854
1300,2.0,184.0,143.0,143.0,0.0,27.0,41.0,0.0,0.0,0.0,2.72,1.0
1301,2.0,94.0,76.0,76.0,0.0,20.0,18.0,0.0,0.0,0.0,2.96,1.0
1302,5.0,170.0,135.0,135.0,0.0,36.0,35.0,0.0,0.0,0.0,2.74,1.0
1303,2.0,72.0,56.0,56.0,0.0,15.0,16.0,0.0,0.0,0.0,2.5,1.0
1304,3.0,312.0,245.0,245.0,0.0,68.0,67.0,0.0,0.0,0.0,2.79,1.0
1305,4.0,552.0,440.0,440.0,0.0,113.0,112.0,0.0,0.0,0.0,2.65,1.0
1306,2.0,104.0,83.0,66.0,17.0,41.0,21.0,2.0,4.0,2.0,2.64,0.795
1307,5.0,450.0,358.0,358.0,0.0,97.0,92.0,0.0,0.0,0.0,2.68,1.0
1308,4.0,600.0,471.0,245.0,226.0,125.0,129.0,67.0,66.0,5.0,2.82,0.52
1309,3.0,153.0,123.0,106.0,17.0,45.0,30.0,5.0,8.0,2.0,2.73,0.862
1310,5.0,170.0,137.0,137.0,0.0,45.0,33.0,0.0,0.0,0.0,2.72,1.0
1311,4.0,264.0,215.0,173.0,42.0,80.0,49.0,12.0,7.0,3.0,2.86,0.805
1312,2.0,82.0,69.0,69.0,0.0,16.0,13.0,0.0,0.0,0.0,2.9,1.0
1313,4.0,312.0,258.0,207.0,51.0,115.0,54.0,10.0,10.0,3.0,2.67,0.802
1314,4.0,232.0,198.0,198.0,0.0,54.0,34.0,0.0,0.0,0.0,2.74,1.0
1315,5.0,555.0,472.0,383.0,89.0,198.0,83.0,36.0,22.0,5.0,2.64,0.811
1316,1.0,31.0,23.0,14.0,9.0,7.0,8.0,5.0,0.0,2.0,2.63,0.609
1317,1.0,35.0,30.0,30.0,0.0,7.0,5.0,0.0,0.0,0.0,2.63,1.0
1318,3.0,126.0,100.0,46.0,54.0,24.0,26.0,17.0,16.0,6.0,2.47,0.46
1319,5.0,465.0,371.0,371.0,0.0,84.0,94.0,0.0,0.0,0.0,2.68,1.0
1320,4.0,140.0,123.0,53.0,70.0,32.0,17.0,28.0,19.0,7.0,2.9,0.431
1321,5.0,180.0,129.0,66.0,63.0,39.0,51.0,13.0,21.0,7.0,2.76,0.512
1322,1.0,48.0,40.0,40.0,0.0,8.0,8.0,0.0,0.0,0.0,2.99,1.0
1323,5.0,165.0,127.0,127.0,0.0,29.0,38.0,0.0,0.0,0.0,2.54,1.0
1324,2.0,110.0,90.0,67.0,23.0,34.0,20.0,5.0,4.0,2.0,3.03,0.744
1325,1.0,47.0,38.0,38.0,0.0,14.0,9.0,0.0,0.0,0.0,3.31,1.0
1326,3.0,135.0,105.0,53.0,52.0,27.0,30.0,18.0,9.0,3.0,2.89,0.505
1327,4.0,176.0,140.0,140.0,0.0,30.0,36.0,0.0,0.0,0.0,2.61,1.0
1328,4.0,220.0,178.0,151.0,27.0,82.0,42.0,10.0,8.0,4.0,2.83,0.848
1329,4.0,540.0,428.0,428.0,0.0,109.0,112.0,0.0,0.0,0.0,2.72,1.0
1330,4.0,200.0,158.0,158.0,0.0,33.0,42.0,0.0,0.0,0.0,2.61,1.0
1331,5.0,225.0,175.0,175.0,0.0,43.0,50.0,0.0,0.0,0.0,2.49,1.0
1332,3.0,123.0,100.0,100.0,0.0,31.0,23.0,0.0,0.0,0.0,2.12,1.0
1333,2.0,76.0,62.0,62.0,0.0,12.0,14.0,0.0,0.0,0.0,2.42,1.0
1334,2.0,68.0,59.0,49.0,10.0,26.0,9.0,3.0,0.0,2.0,3.03,0.831
1335,2.0,164.0,132.0,132.0,0.0,32.0,32.0,0.0,0.0,0.0,2.8,1.0
1336,1.0,49.0,40.0,40.0,0.0,8.0,9.0,0.0,0.0,0.0,2.41,1.0
1337,1.0,56.0,48.0,43.0,5.0,24.0,8.0,1.0,2.0,2.0,2.83,0.896
1338,3.0,210.0,167.0,128.0,39.0,52.0,43.0,17.0,15.0,3.0,2.81,0.766
1339,5.0,840.0,668.0,668.0,0.0,166.0,172.0,0.0,0.0,0.0,2.68,1.0
1340,2.0,76.0,56.0,30.0,26.0,11.0,20.0,5.0,8.0,8.0,2.94,0.536
1341,3.0,108.0,96.0,79.0,17.0,38.0,12.0,6.0,2.0,2.0,2.88,0.823
1342,2.0,110.0,92.0,92.0,0.0,26.0,18.0,0.0,0.0,0.0,3.06,1.0
1343,2.0,120.0,94.0,94.0,0.0,23.0,26.0,0.0,0.0,0.0,2.85,1.0
1344,2.0,66.0,56.0,28.0,28.0,18.0,10.0,9.0,7.0,4.0,2.44,0.5
1345,3.0,180.0,139.0,139.0,0.0,31.0,41.0,0.0,0.0,0.0,2.71,1.0
1346,5.0,340.0,274.0,141.0,133.0,73.0,66.0,45.0,32.0,6.0,2.64,0.515
1347,4.0,468.0,400.0,321.0,79.0,150.0,68.0,30.0,23.0,4.0,2.66,0.802
1348,2.0,120.0,98.0,78.0,20.0,41.0,22.0,5.0,3.0,2.0,2.72,0.796
1349,2.0,176.0,152.0,116.0,36.0,68.0,24.0,10.0,10.0,2.0,3.18,0.763
1350,1.0,57.0,47.0,41.0,6.0,23.0,10.0,0.0,3.0,1.0,2.6,0.872
1351,5.0,705.0,561.0,292.0,269.0,150.0,144.0,82.0,70.0,5.0,2.7,0.52
1352,1.0,58.0,52.0,52.0,0.0,13.0,6.0,0.0,0.0,0.0,2.65,1.0
1353,5.0,460.0,360.0,360.0,0.0,100.0,100.0,0.0,0.0,0.0,3.01,1.0
1354,4.0,400.0,330.0,168.0,162.0,85.0,70.0,57.0,44.0,5.0,2.74,0.509
1355,2.0,140.0,114.0,58.0,56.0,28.0,26.0,18.0,14.0,8.0,2.92,0.509
1356,2.0,216.0,173.0,85.0,88.0,44.0,43.0,34.0,27.0,6.0,2.97,0.491
1357,5.0,330.0,268.0,268.0,0.0,75.0,62.0,0.0,0.0,0.0,2.76,1.0
1358,2.0,104.0,91.0,46.0,45.0,24.0,13.0,13.0,9.0,6.0,2.82,0.505
1359,5.0,510.0,394.0,394.0,0.0,95.0,116.0,0.0,0.0,0.0,2.77,1.0
1360,2.0,68.0,55.0,55.0,0.0,12.0,13.0,0.0,0.0,0.0,2.96,1.0
1361,4.0,152.0,123.0,95.0,28.0,47.0,29.0,8.0,8.0,2.0,2.63,0.772
1362,4.0,376.0,315.0,315.0,0.0,77.0,61.0,0.0,0.0,0.0,2.73,1.0
1363,4.0,188.0,154.0,154.0,0.0,32.0,34.0,0.0,0.0,0.0,2.56,1.0
1364,1.0,46.0,43.0,22.0,21.0,10.0,3.0,8.0,7.0,3.0,2.88,0.512
1365,4.0,420.0,349.0,279.0,70.0,142.0,71.0,31.0,19.0,3.0,2.92,0.799
1366,2.0,212.0,159.0,159.0,0.0,42.0,53.0,0.0,0.0,0.0,2.5,1.0
1367,1.0,45.0,39.0,33.0,6.0,18.0,6.0,3.0,0.0,3.0,2.85,0.846
1368,2.0,152.0,114.0,114.0,0.0,31.0,38.0,0.0,0.0,0.0,2.71,1.0
1369,3.0,246.0,207.0,207.0,0.0,50.0,39.0,0.0,0.0,0.0,2.75,1.0
1370,1.0,43.0,36.0,36.0,0.0,8.0,7.0,0.0,0.0,0.0,2.76,1.0
1371,3.0,204.0,164.0,164.0,0.0,49.0,40.0,0.0,0.0,0.0,2.77,1.0
1372,2.0,110.0,84.0,84.0,0.0,23.0,26.0,0.0,0.0,0.0,2.58,1.0
1373,4.0,128.0,111.0,89.0,22.0,45.0,17.0,10.0,6.0,3.0,2.9,0.802
1374,5.0,410.0,322.0,322.0,0.0,78.0,88.0,0.0,0.0,0.0,2.67,1.0
1375,4.0,540.0,445.0,445.0,0.0,112.0,95.0,0.0,0.0,0.0,2.59,1.0
1376,3.0,348.0,270.0,270.0,0.0,72.0,78.0,0.0,0.0,0.0,2.61,1.0
1377,2.0,112.0,90.0,54.0,36.0,30.0,22.0,15.0,6.0,5.0,2.79,0.6
1378,5.0,780.0,655.0,526.0,129.0,273.0,125.0,40.0,40.0,4.0,2.79,0.803
1379,1.0,54.0,45.0,45.0,0.0,19.0,9.0,0.0,0.0,0.0,2.34,1.0
1380,5.0,240.0,194.0,90.0,104.0,50.0,46.0,34.0,26.0,5.0,2.6,0.464
1381,2.0,96.0,75.0,60.0,15.0,28.0,21.0,5.0,4.0,3.0,2.46,0.8
1382,5.0,370.0,297.0,148.0,149.0,82.0,73.0,43.0,37.0,5.0,2.94,0.498
1383,1.0,42.0,38.0,38.0,0.0,5.0,4.0,0.0,0.0,0.0,3.54,1.0
1384,3.0,522.0,430.0,350.0,80.0,182.0,92.0,26.0,18.0,2.0,2.86,0.814
1385,2.0,128.0,101.0,54.0,47.0,21.0,27.0,15.0,13.0,3.0,2.73,0.535
1386,4.0,200.0,172.0,140.0,32.0,80.0,28.0,10.0,8.0,2.0,2.81,0.814
1387,1.0,37.0,30.0,30.0,0.0,13.0,7.0,0.0,0.0,0.0,2.88,1.0
1388,2.0,78.0,65.0,54.0,11.0,22.0,13.0,4.0,2.0,3.0,2.95,0.831
1389,1.0,36.0,26.0,26.0,0.0,5.0,10.0,0.0,0.0,0.0,3.54,1.0
1390,5.0,510.0,404.0,197.0,207.0,101.0,106.0,66.0,60.0,6.0,2.79,0.488
1391,4.0,472.0,372.0,168.0,204.0,84.0,100.0,65.0,54.0,7.0,2.68,0.452
1392,3.0,150.0,120.0,120.0,0.0,30.0,30.0,0.0,0.0,0.0,2.74,1.0
1393,3.0,177.0,145.0,120.0,25.0,65.0,32.0,8.0,9.0,3.0,2.71,0.828
1394,4.0,376.0,291.0,150.0,141.0,68.0,85.0,42.0,37.0,6.0,2.62,0.515
1395,2.0,172.0,146.0,117.0,29.0,56.0,26.0,11.0,6.0,2.0,2.89,0.801
1396,1.0,34.0,23.0,17.0,6.0,10.0,11.0,2.0,1.0,2.0,2.67,0.739
1397,1.0,50.0,43.0,43.0,0.0,13.0,7.0,0.0,0.0,0.0,3.07,1.0
1398,3.0,324.0,266.0,140.0,126.0,70.0,58.0,44.0,33.0,4.0,2.8,0.526
1399,2.0,228.0,192.0,157.0,35.0,85.0,36.0,10.0,14.0,2.0,2.76,0.818
1400,2.0,148.0,122.0,58.0,64.0,27.0,26.0,17.0,16.0,4.0,3.12,0.475
1401,3.0,294.0,228.0,228.0,0.0,62.0,66.0,0.0,0.0,0.0,2.97,1.0
1402,4.0,540.0,445.0,361.0,84.0,184.0,95.0,21.0,15.0,3.0,2.66,0.811
1403,2.0,240.0,201.0,171.0,30.0,88.0,39.0,9.0,5.0,2.0,2.8,0.851
1404,4.0,280.0,229.0,229.0,0.0,56.0,51.0,0.0,0.0,0.0,2.68,1.0
1405,5.0,185.0,147.0,147.0,0.0,36.0,38.0,0.0,0.0,0.0,2.74,1.0
1406,4.0,448.0,351.0,183.0,168.0,81.0,97.0,58.0,53.0,7.0,2.77,0.521
1407,2.0,140.0,119.0,95.0,24.0,51.0,21.0,7.0,7.0,4.0,2.76,0.798
1408,2.0,160.0,124.0,99.0,25.0,56.0,36.0,6.0,9.0,3.0,2.92,0.798
1409,5.0,320.0,262.0,262.0,0.0,64.0,58.0,0.0,0.0,0.0,2.84,1.0
1410,4.0,144.0,126.0,105.0,21.0,53.0,18.0,8.0,4.0,2.0,2.79,0.833
1411,2.0,82.0,66.0,53.0,13.0,32.0,16.0,6.0,4.0,2.0,3.2,0.803
1412,5.0,495.0,397.0,212.0,185.0,105.0,98.0,61.0,56.0,6.0,2.9,0.534
1413,3.0,132.0,106.0,106.0,0.0,29.0,26.0,0.0,0.0,0.0,2.66,1.0
1414,2.0,152.0,124.0,124.0,0.0,31.0,28.0,0.0,0.0,0.0,2.69,1.0
1415,1.0,56.0,48.0,27.0,21.0,11.0,8.0,7.0,5.0,3.0,2.37,0.562
1416,1.0,40.0,31.0,26.0,5.0,11.0,9.0,2.0,1.0,2.0,3.32,0.839
1417,4.0,216.0,173.0,173.0,0.0,47.0,43.0,0.0,0.0,0.0,2.64,1.0
1418,2.0,108.0,91.0,76.0,15.0,35.0,17.0,8.0,5.0,2.0,3.04,0.835
1419,3.0,270.0,207.0,106.0,101.0,59.0,63.0,32.0,24.0,6.0,2.94,0.512
1420,5.0,410.0,340.0,340.0,0.0,84.0,70.0,0.0,0.0,0.0,2.78,1.0
1421,4.0,304.0,249.0,124.0,125.0,76.0,55.0,43.0,26.0,6.0,2.85,0.498
1422,2.0,102.0,79.0,79.0,0.0,21.0,23.0,0.0,0.0,0.0,2.75,1.0
1423,4.0,372.0,299.0,165.0,134.0,75.0,73.0,37.0,34.0,5.0,2.68,0.552
1424,1.0,47.0,42.0,42.0,0.0,10.0,5.0,0.0,0.0,0.0,1.81,1.0
1425,1.0,53.0,39.0,17.0,22.0,7.0,14.0,4.0,5.0,4.0,2.69,0.436
1426,4.0,360.0,281.0,281.0,0.0,67.0,79.0,0.0,0.0,0.0,2.73,1.0
1427,3.0,153.0,133.0,104.0,29.0,47.0,20.0,8.0,10.0,3.0,2.67,0.782
1428,2.0,148.0,127.0,97.0,30.0,52.0,21.0,10.0,8.0,4.0,2.98,0.764
1429,3.0,135.0,113.0,113.0,0.0,27.0,22.0,0.0,0.0,0.0,2.85,1.0
1430,4.0,432.0,362.0,297.0,65.0,148.0,70.0,22.0,17.0,4.0,2.71,0.82
1431,5.0,495.0,412.0,323.0,89.0,176.0,83.0,29.0,29.0,3.0,2.8,0.784
1432,3.0,111.0,87.0,87.0,0.0,21.0,24.0,0.0,0.0,0.0,3.09,1.0
1433,2.0,172.0,134.0,117.0,17.0,58.0,38.0,8.0,6.0,2.0,2.66,0.873
1434,4.0,280.0,217.0,217.0,0.0,43.0,63.0,0.0,0.0,0.0,2.62,1.0
1435,3.0,324.0,262.0,262.0,0.0,63.0,62.0,0.0,0.0,0.0,2.64,1.0
1436,4.0,444.0,353.0,353.0,0.0,70.0,91.0,0.0,0.0,0.0,2.66,1.0
1437,1.0,50.0,39.0,39.0,0.0,16.0,11.0,0.0,0.0,0.0,2.87,1.0
1438,2.0,110.0,85.0,42.0,43.0,17.0,25.0,15.0,13.0,6.0,2.75,0.494
1439,4.0,120.0,103.0,78.0,25.0,34.0,17.0,8.0,5.0,3.0,2.91,0.757
1440,5.0,470.0,363.0,363.0,0.0,94.0,107.0,0.0,0.0,0.0,3.03,1.0
1441,3.0,414.0,349.0,280.0,69.0,153.0,65.0,22.0,24.0,5.0,2.9,0.802
1442,3.0,204.0,164.0,81.0,83.0,40.0,40.0,23.0,20.0,6.0,2.92,0.494
1443,4.0,480.0,384.0,192.0,192.0,99.0,96.0,60.0,55.0,6.0,2.57,0.5
1444,4.0,612.0,489.0,228.0,261.0,109.0,123.0,85.0,76.0,7.0,2.56,0.466
1445,1.0,50.0,37.0,21.0,16.0,11.0,13.0,4.0,4.0,5.0,2.17,0.568
1446,4.0,472.0,369.0,369.0,0.0,104.0,103.0,0.0,0.0,0.0,3.15,1.0
1447,5.0,440.0,363.0,287.0,76.0,136.0,77.0,23.0,18.0,3.0,2.78,0.791
1448,2.0,64.0,51.0,41.0,10.0,25.0,13.0,2.0,2.0,2.0,2.59,0.804
1449,4.0,200.0,166.0,138.0,28.0,54.0,34.0,9.0,7.0,3.0,2.75,0.831
1450,1.0,58.0,44.0,17.0,27.0,10.0,14.0,9.0,7.0,3.0,3.0,0.386
1451,2.0,208.0,176.0,133.0,43.0,63.0,32.0,17.0,14.0,3.0,2.82,0.756
1452,4.0,288.0,224.0,105.0,119.0,42.0,64.0,42.0,33.0,4.0,2.65,0.469
1453,3.0,414.0,336.0,336.0,0.0,92.0,78.0,0.0,0.0,0.0,2.68,1.0
1454,3.0,414.0,354.0,287.0,67.0,143.0,60.0,20.0,15.0,3.0,2.76,0.811
1455,2.0,112.0,97.0,78.0,19.0,35.0,15.0,8.0,8.0,3.0,2.92,0.804
1456,4.0,708.0,587.0,475.0,112.0,250.0,121.0,32.0,33.0,2.0,2.71,0.809
1457,3.0,93.0,76.0,76.0,0.0,18.0,17.0,0.0,0.0,0.0,2.69,1.0
1458,5.0,585.0,477.0,477.0,0.0,127.0,108.0,0.0,0.0,0.0,2.84,1.0
1459,2.0,200.0,179.0,139.0,40.0,73.0,21.0,8.0,11.0,5.0,3.08,0.777
1460,4.0,464.0,378.0,378.0,0.0,106.0,86.0,0.0,0.0,0.0,2.71,1.0
1461,5.0,300.0,254.0,202.0,52.0,103.0,46.0,17.0,16.0,3.0,2.66,0.795
1462,5.0,350.0,282.0,282.0,0.0,71.0,68.0,0.0,0.0,0.0,2.87,1.0
1463,5.0,510.0,418.0,338.0,80.0,173.0,92.0,26.0,22.0,3.0,2.87,0.809
1464,2.0,62.0,49.0,49.0,0.0,9.0,13.0,0.0,0.0,0.0,3.1,1.0
1465,2.0,80.0,57.0,22.0,35.0,5.0,23.0,9.0,9.0,3.0,2.82,0.386
1466,1.0,36.0,34.0,26.0,8.0,17.0,2.0,3.0,2.0,1.0,3.17,0.765
1467,5.0,520.0,406.0,201.0,205.0,94.0,114.0,62.0,60.0,6.0,2.88,0.495
1468,4.0,312.0,250.0,250.0,0.0,72.0,62.0,0.0,0.0,0.0,2.92,1.0
1469,4.0,144.0,112.0,58.0,54.0,23.0,32.0,12.0,12.0,5.0,2.67,0.518
1470,2.0,78.0,66.0,53.0,13.0,33.0,12.0,4.0,3.0,2.0,3.16,0.803
1471,2.0,224.0,177.0,142.0,35.0,74.0,47.0,17.0,11.0,3.0,2.88,0.802
1472,4.0,140.0,106.0,106.0,0.0,21.0,34.0,0.0,0.0,0.0,2.65,1.0
1473,1.0,41.0,39.0,29.0,10.0,17.0,2.0,2.0,3.0,2.0,2.64,0.744
1474,1.0,33.0,28.0,19.0,9.0,12.0,5.0,2.0,2.0,3.0,2.81,0.679
1475,2.0,70.0,47.0,47.0,0.0,13.0,23.0,0.0,0.0,0.0,2.3,1.0
1476,3.0,252.0,203.0,95.0,108.0,48.0,49.0,29.0,30.0,9.0,2.8,0.468
1477,1.0,59.0,48.0,39.0,9.0,21.0,11.0,2.0,4.0,2.0,2.95,0.812
1478,3.0,171.0,141.0,113.0,28.0,64.0,30.0,19.0,10.0,2.0,2.46,0.801
1479,2.0,140.0,106.0,106.0,0.0,32.0,34.0,0.0,0.0,0.0,2.8,1.0
1480,2.0,116.0,96.0,79.0,17.0,45.0,20.0,2.0,4.0,3.0,2.63,0.823
1481,4.0,448.0,358.0,358.0,0.0,86.0,90.0,0.0,0.0,0.0,2.74,1.0
1482,3.0,297.0,244.0,121.0,123.0,53.0,53.0,49.0,38.0,5.0,2.78,0.496
1483,5.0,615.0,494.0,274.0,220.0,130.0,121.0,76.0,65.0,5.0,2.73,0.555
1484,5.0,500.0,385.0,385.0,0.0,91.0,115.0,0.0,0.0,0.0,2.61,1.0
1485,1.0,50.0,41.0,34.0,7.0,18.0,9.0,4.0,1.0,1.0,2.83,0.829
1486,1.0,49.0,38.0,27.0,11.0,14.0,11.0,4.0,5.0,3.0,3.29,0.711
1487,5.0,540.0,446.0,446.0,0.0,111.0,94.0,0.0,0.0,0.0,2.65,1.0
1488,4.0,464.0,388.0,291.0,97.0,143.0,76.0,34.0,27.0,4.0,2.72,0.75
1489,2.0,114.0,102.0,81.0,21.0,43.0,12.0,6.0,7.0,2.0,2.93,0.794
1490,3.0,264.0,204.0,159.0,45.0,71.0,60.0,16.0,13.0,3.0,2.74,0.779
1491,3.0,210.0,166.0,139.0,27.0,80.0,44.0,7.0,9.0,2.0,2.68,0.837
1492,3.0,405.0,325.0,325.0,0.0,76.0,80.0,0.0,0.0,0.0,2.55,1.0
1493,1.0,32.0,28.0,23.0,5.0,11.0,4.0,2.0,0.0,2.0,2.6,0.821
1494,3.0,159.0,122.0,58.0,64.0,32.0,37.0,21.0,20.0,5.0,2.52,0.475
1495,4.0,480.0,418.0,325.0,93.0,173.0,62.0,35.0,32.0,4.0,2.64,0.778
1496,4.0,208.0,172.0,139.0,33.0,68.0,36.0,16.0,9.0,2.0,3.02,0.808
1497,2.0,128.0,105.0,56.0,49.0,30.0,23.0,15.0,8.0,5.0,2.64,0.533
1498,5.0,440.0,357.0,180.0,177.0,95.0,83.0,49.0,43.0,6.0,2.79,0.504
1499,4.0,136.0,117.0,117.0,0.0,26.0,19.0,0.0,0.0,0.0,3.02,1.0
1500,3.0,150.0,114.0,54.0,60.0,27.0,36.0,21.0,13.0,4.0,2.89,0.474
1501,5.0,175.0,138.0,138.0,0.0,39.0,37.0,0.0,0.0,0.0,2.95,1.0
1502,3.0,147.0,121.0,104.0,17.0,43.0,26.0,10.0,5.0,2.0,3.01,0.86
1503,5.0,660.0,525.0,525.0,0.0,125.0,135.0,0.0,0.0,0.0,2.53,1.0
1504,1.0,56.0,46.0,46.0,0.0,7.0,10.0,0.0,0.0,0.0,2.6,1.0
1505,2.0,90.0,76.0,76.0,0.0,20.0,14.0,0.0,0.0,0.0,3.53,1.0
1506,3.0,342.0,289.0,241.0,48.0,114.0,53.0,15.0,14.0,2.0,2.63,0.834
1507,3.0,147.0,117.0,117.0,0.0,38.0,30.0,0.0,0.0,0.0,3.06,1.0
1508,4.0,516.0,412.0,412.0,0.0,100.0,104.0,0.0,0.0,0.0,2.69,1.0
1509,3.0,486.0,388.0,185.0,203.0,89.0,98.0,64.0,54.0,7.0,2.84,0.477
1510,1.0,39.0,31.0,31.0,0.0,7.0,8.0,0.0,0.0,0.0,2.09,1.0
1511,1.0,35.0,24.0,17.0,7.0,6.0,11.0,3.0,3.0,2.0,2.47,0.708
1512,4.0,156.0,123.0,100.0,23.0,52.0,33.0,7.0,8.0,3.0,2.47,0.813
1513,1.0,37.0,27.0,15.0,12.0,10.0,10.0,5.0,4.0,2.0,2.53,0.556
1514,3.0,288.0,232.0,191.0,41.0,97.0,56.0,12.0,10.0,5.0,2.83,0.823
1515,4.0,124.0,104.0,104.0,0.0,19.0,20.0,0.0,0.0,0.0,2.76,1.0
1516,3.0,354.0,294.0,237.0,57.0,113.0,60.0,19.0,18.0,4.0,2.67,0.806
1517,5.0,240.0,195.0,195.0,0.0,45.0,45.0,0.0,0.0,0.0,2.96,1.0
1518,3.0,153.0,117.0,67.0,50.0,27.0,36.0,20.0,16.0,5.0,3.03,0.573
1519,5.0,765.0,637.0,510.0,127.0,256.0,128.0,41.0,39.0,4.0,2.68,0.801
1520,2.0,216.0,181.0,142.0,39.0,77.0,35.0,12.0,13.0,4.0,2.55,0.785
1521,3.0,150.0,124.0,124.0,0.0,29.0,26.0,0.0,0.0,0.0,2.77,1.0
1522,2.0,124.0,96.0,96.0,0.0,30.0,28.0,0.0,0.0,0.0,2.87,1.0
1523,2.0,98.0,84.0,84.0,0.0,14.0,14.0,0.0,0.0,0.0,2.57,1.0
1524,5.0,205.0,179.0,145.0,34.0,72.0,26.0,11.0,8.0,4.0,2.68,0.81
1525,5.0,235.0,194.0,194.0,0.0,48.0,41.0,0.0,0.0,0.0,2.54,1.0
1526,1.0,56.0,48.0,48.0,0.0,12.0,8.0,0.0,0.0,0.0,3.24,1.0
1527,3.0,153.0,131.0,131.0,0.0,27.0,22.0,0.0,0.0,0.0,2.53,1.0
1528,5.0,370.0,288.0,288.0,0.0,77.0,82.0,0.0,0.0,0.0,2.73,1.0
1529,4.0,372.0,290.0,290.0,0.0,71.0,82.0,0.0,0.0,0.0,2.89,1.0
1530,5.0,200.0,166.0,75.0,91.0,36.0,34.0,27.0,19.0,7.0,2.9,0.452
1531,1.0,48.0,37.0,37.0,0.0,13.0,11.0,0.0,0.0,0.0,2.91,1.0
1532,1.0,57.0,40.0,40.0,0.0,12.0,17.0,0.0,0.0,0.0,2.65,1.0
1533,2.0,184.0,154.0,67.0,87.0,27.0,30.0,31.0,20.0,6.0,2.69,0.435
1534,2.0,172.0,145.0,120.0,25.0,58.0,27.0,6.0,5.0,2.0,2.85,0.828
1535,1.0,30.0,26.0,21.0,5.0,9.0,4.0,3.0,1.0,1.0,3.45,0.808
1536,5.0,310.0,242.0,131.0,111.0,69.0,68.0,37.0,28.0,8.0,2.55,0.541
1537,1.0,39.0,36.0,29.0,7.0,9.0,3.0,4.0,3.0,3.0,3.2,0.806
1538,1.0,51.0,45.0,45.0,0.0,14.0,6.0,0.0,0.0,0.0,2.6,1.0
1539,3.0,279.0,219.0,115.0,104.0,62.0,60.0,37.0,25.0,5.0,2.54,0.525
1540,3.0,114.0,86.0,86.0,0.0,24.0,28.0,0.0,0.0,0.0,3.04,1.0
1541,1.0,47.0,36.0,27.0,9.0,10.0,11.0,2.0,4.0,2.0,2.67,0.75
1542,5.0,870.0,703.0,555.0,148.0,287.0,167.0,54.0,48.0,4.0,2.74,0.789
1543,1.0,51.0,38.0,38.0,0.0,10.0,13.0,0.0,0.0,0.0,2.57,1.0
1544,1.0,59.0,50.0,25.0,25.0,9.0,9.0,6.0,4.0,4.0,2.83,0.5
1545,3.0,330.0,270.0,270.0,0.0,67.0,60.0,0.0,0.0,0.0,2.59,1.0
1546,4.0,416.0,350.0,167.0,183.0,83.0,66.0,65.0,48.0,6.0,2.53,0.477
1547,3.0,351.0,264.0,264.0,0.0,58.0,87.0,0.0,0.0,0.0,2.87,1.0
1548,2.0,168.0,136.0,106.0,30.0,39.0,32.0,6.0,6.0,3.0,3.09,0.779
1549,4.0,264.0,214.0,169.0,45.0,82.0,50.0,15.0,8.0,3.0,2.71,0.79
1550,2.0,112.0,96.0,96.0,0.0,25.0,16.0,0.0,0.0,0.0,2.84,1.0
1551,5.0,360.0,298.0,245.0,53.0,121.0,62.0,19.0,12.0,3.0,2.62,0.822
1552,2.0,64.0,54.0,46.0,8.0,21.0,10.0,4.0,3.0,2.0,2.75,0.852
1553,3.0,252.0,199.0,161.0,38.0,80.0,53.0,12.0,11.0,2.0,2.77,0.809
1554,3.0,171.0,140.0,106.0,34.0,55.0,31.0,8.0,11.0,3.0,2.87,0.757
1555,3.0,360.0,288.0,288.0,0.0,60.0,72.0,0.0,0.0,0.0,2.7,1.0
1556,5.0,510.0,407.0,407.0,0.0,105.0,103.0,0.0,0.0,0.0,2.66,1.0
1557,2.0,132.0,107.0,87.0,20.0,47.0,25.0,9.0,3.0,2.0,3.02,0.813
1558,2.0,132.0,109.0,92.0,17.0,57.0,23.0,7.0,5.0,1.0,2.67,0.844
1559,3.0,348.0,283.0,226.0,57.0,101.0,65.0,15.0,18.0,2.0,2.79,0.799
1560,3.0,144.0,122.0,122.0,0.0,37.0,22.0,0.0,0.0,0.0,2.28,1.0
1561,2.0,196.0,161.0,161.0,0.0,38.0,35.0,0.0,0.0,0.0,2.53,1.0
1562,1.0,44.0,39.0,27.0,12.0,16.0,5.0,0.0,4.0,2.0,3.4,0.692
1563,4.0,672.0,534.0,534.0,0.0,140.0,138.0,0.0,0.0,0.0,2.8,1.0
1564,5.0,390.0,310.0,155.0,155.0,87.0,80.0,52.0,40.0,7.0,2.83,0.5
1565,4.0,660.0,562.0,441.0,121.0,205.0,98.0,44.0,34.0,3.0,2.61,0.785
1566,2.0,128.0,108.0,80.0,28.0,37.0,20.0,11.0,7.0,2.0,2.8,0.741
1567,5.0,170.0,132.0,132.0,0.0,33.0,38.0,0.0,0.0,0.0,2.94,1.0
1568,5.0,570.0,462.0,462.0,0.0,93.0,108.0,0.0,0.0,0.0,2.67,1.0
1569,1.0,45.0,34.0,34.0,0.0,10.0,11.0,0.0,0.0,0.0,2.85,1.0
1570,4.0,516.0,397.0,203.0,194.0,103.0,119.0,68.0,59.0,11.0,2.72,0.511
1571,4.0,168.0,129.0,54.0,75.0,24.0,39.0,26.0,16.0,7.0,3.24,0.419
1572,1.0,33.0,25.0,25.0,0.0,6.0,8.0,0.0,0.0,0.0,2.65,1.0
1573,1.0,49.0,39.0,30.0,9.0,21.0,10.0,4.0,2.0,2.0,2.87,0.769
1574,1.0,42.0,29.0,29.0,0.0,13.0,13.0,0.0,0.0,0.0,2.5,1.0
1575,2.0,108.0,89.0,40.0,49.0,20.0,19.0,19.0,13.0,5.0,2.81,0.449
1576,5.0,490.0,384.0,384.0,0.0,95.0,106.0,0.0,0.0,0.0,2.65,1.0
1577,4.0,140.0,113.0,88.0,25.0,42.0,27.0,7.0,8.0,2.0,2.86,0.779
1578,5.0,510.0,416.0,348.0,68.0,182.0,94.0,22.0,20.0,3.0,2.73,0.837
1579,3.0,159.0,124.0,61.0,63.0,25.0,35.0,19.0,16.0,4.0,2.4,0.492
1580,2.0,72.0,64.0,64.0,0.0,11.0,8.0,0.0,0.0,0.0,3.08,1.0
1581,1.0,58.0,47.0,42.0,5.0,17.0,11.0,1.0,1.0,1.0,2.66,0.894
1582,3.0,513.0,415.0,331.0,84.0,166.0,98.0,28.0,24.0,3.0,2.72,0.798
1583,4.0,612.0,494.0,494.0,0.0,118.0,118.0,0.0,0.0,0.0,2.71,1.0
1584,3.0,180.0,157.0,125.0,32.0,57.0,23.0,11.0,8.0,4.0,2.6,0.796
1585,3.0,93.0,75.0,37.0,38.0,19.0,18.0,17.0,14.0,5.0,2.67,0.493
1586,3.0,279.0,226.0,183.0,43.0,98.0,53.0,12.0,16.0,3.0,3.0,0.81
1587,4.0,472.0,394.0,318.0,76.0,144.0,78.0,31.0,25.0,5.0,2.75,0.807
1588,2.0,80.0,65.0,62.0,3.0,30.0,15.0,0.0,0.0,1.0,2.68,0.954
1589,1.0,42.0,31.0,26.0,5.0,13.0,11.0,2.0,3.0,1.0,2.83,0.839
1590,3.0,300.0,252.0,252.0,0.0,59.0,48.0,0.0,0.0,0.0,2.66,1.0
1591,4.0,132.0,104.0,77.0,27.0,37.0,28.0,10.0,9.0,5.0,2.39,0.74
1592,4.0,360.0,300.0,300.0,0.0,70.0,60.0,0.0,0.0,0.0,2.79,1.0
1593,5.0,250.0,202.0,202.0,0.0,47.0,48.0,0.0,0.0,0.0,2.66,1.0
1594,5.0,270.0,206.0,106.0,100.0,50.0,64.0,31.0,27.0,4.0,2.44,0.515
1595,1.0,30.0,28.0,25.0,3.0,5.0,2.0,2.0,2.0,1.0,1.4,0.893
1596,5.0,410.0,332.0,332.0,0.0,78.0,78.0,0.0,0.0,0.0,2.77,1.0
1597,4.0,624.0,482.0,482.0,0.0,116.0,142.0,0.0,0.0,0.0,2.73,1.0
1598,5.0,235.0,188.0,188.0,0.0,46.0,47.0,0.0,0.0,0.0,2.59,1.0
1599,5.0,420.0,338.0,182.0,156.0,80.0,82.0,53.0,45.0,7.0,2.74,0.538
1600,1.0,39.0,32.0,26.0,6.0,18.0,7.0,4.0,2.0,1.0,2.81,0.812
1601,4.0,400.0,326.0,326.0,0.0,79.0,74.0,0.0,0.0,0.0,2.58,1.0
1602,3.0,156.0,137.0,99.0,38.0,48.0,19.0,12.0,10.0,5.0,3.04,0.723
1603,2.0,224.0,175.0,84.0,91.0,48.0,49.0,23.0,30.0,5.0,2.89,0.48
1604,1.0,51.0,40.0,17.0,23.0,9.0,11.0,5.0,7.0,5.0,2.13,0.425
1605,5.0,870.0,672.0,348.0,324.0,164.0,198.0,108.0,95.0,6.0,2.62,0.518
1606,4.0,280.0,241.0,188.0,53.0,85.0,39.0,22.0,18.0,3.0,2.59,0.78
1607,2.0,204.0,180.0,95.0,85.0,43.0,24.0,23.0,26.0,6.0,2.72,0.528
1608,2.0,86.0,70.0,55.0,15.0,33.0,16.0,5.0,5.0,2.0,2.5,0.786
1609,1.0,40.0,33.0,33.0,0.0,6.0,7.0,0.0,0.0,0.0,1.69,1.0
1610,3.0,312.0,242.0,242.0,0.0,55.0,70.0,0.0,0.0,0.0,2.96,1.0
1611,3.0,147.0,120.0,99.0,21.0,43.0,27.0,6.0,11.0,2.0,2.98,0.825
1612,4.0,224.0,174.0,174.0,0.0,54.0,50.0,0.0,0.0,0.0,2.68,1.0
1613,4.0,336.0,259.0,259.0,0.0,69.0,77.0,0.0,0.0,0.0,2.94,1.0
1614,4.0,432.0,337.0,337.0,0.0,89.0,95.0,0.0,0.0,0.0,2.63,1.0
1615,4.0,172.0,139.0,139.0,0.0,34.0,33.0,0.0,0.0,0.0,2.69,1.0
1616,3.0,210.0,176.0,82.0,94.0,30.0,34.0,37.0,30.0,7.0,2.88,0.466
1617,4.0,204.0,166.0,84.0,82.0,38.0,38.0,25.0,20.0,5.0,2.73,0.506
1618,4.0,200.0,162.0,162.0,0.0,40.0,38.0,0.0,0.0,0.0,2.72,1.0
1619,1.0,42.0,38.0,38.0,0.0,11.0,4.0,0.0,0.0,0.0,3.51,1.0
1620,2.0,88.0,72.0,54.0,18.0,26.0,16.0,4.0,8.0,2.0,2.97,0.75
1621,3.0,270.0,217.0,217.0,0.0,58.0,53.0,0.0,0.0,0.0,2.88,1.0
1622,5.0,190.0,163.0,124.0,39.0,70.0,27.0,10.0,8.0,3.0,2.67,0.761
1623,2.0,212.0,188.0,161.0,27.0,79.0,24.0,9.0,5.0,4.0,2.47,0.856
1624,3.0,114.0,97.0,73.0,24.0,29.0,17.0,8.0,4.0,2.0,2.71,0.753
1625,3.0,180.0,149.0,114.0,35.0,65.0,31.0,10.0,11.0,2.0,2.42,0.765
1626,4.0,480.0,379.0,187.0,192.0,89.0,101.0,62.0,50.0,6.0,2.5,0.493
1627,2.0,80.0,72.0,58.0,14.0,27.0,8.0,6.0,3.0,3.0,2.83,0.806
1628,3.0,495.0,375.0,375.0,0.0,99.0,120.0,0.0,0.0,0.0,2.7,1.0
1629,1.0,47.0,42.0,20.0,22.0,12.0,5.0,12.0,6.0,5.0,2.78,0.476
1630,2.0,102.0,79.0,41.0,38.0,21.0,23.0,13.0,8.0,6.0,2.69,0.519
1631,4.0,448.0,367.0,293.0,74.0,158.0,81.0,27.0,21.0,3.0,2.7,0.798
1632,4.0,168.0,134.0,134.0,0.0,37.0,34.0,0.0,0.0,0.0,2.75,1.0
1633,1.0,49.0,40.0,24.0,16.0,13.0,9.0,9.0,5.0,3.0,2.92,0.6
1634,3.0,135.0,114.0,93.0,21.0,44.0,21.0,9.0,4.0,2.0,2.72,0.816
1635,5.0,510.0,434.0,358.0,76.0,168.0,76.0,23.0,22.0,3.0,2.78,0.825
1636,3.0,540.0,453.0,371.0,82.0,180.0,87.0,22.0,24.0,3.0,2.89,0.819
1637,1.0,60.0,49.0,49.0,0.0,9.0,11.0,0.0,0.0,0.0,2.57,1.0
1638,2.0,108.0,92.0,79.0,13.0,43.0,16.0,4.0,2.0,1.0,2.5,0.859
1639,4.0,440.0,370.0,303.0,67.0,142.0,70.0,14.0,20.0,2.0,2.81,0.819
1640,1.0,32.0,25.0,17.0,8.0,11.0,7.0,3.0,2.0,2.0,2.41,0.68
1641,3.0,234.0,180.0,88.0,92.0,44.0,54.0,35.0,20.0,10.0,2.63,0.489
1642,4.0,152.0,108.0,108.0,0.0,37.0,44.0,0.0,0.0,0.0,2.89,1.0
1643,5.0,255.0,206.0,159.0,47.0,81.0,49.0,13.0,13.0,2.0,2.55,0.772
1644,2.0,140.0,120.0,92.0,28.0,43.0,20.0,8.0,6.0,3.0,2.67,0.767
1645,4.0,164.0,133.0,133.0,0.0,30.0,31.0,0.0,0.0,0.0,2.77,1.0
1646,4.0,248.0,198.0,198.0,0.0,45.0,50.0,0.0,0.0,0.0,2.26,1.0
1647,2.0,68.0,56.0,56.0,0.0,17.0,12.0,0.0,0.0,0.0,2.9,1.0
1648,5.0,400.0,314.0,165.0,149.0,73.0,86.0,48.0,38.0,8.0,2.68,0.525
1649,1.0,48.0,32.0,32.0,0.0,8.0,16.0,0.0,0.0,0.0,2.76,1.0
1650,1.0,48.0,40.0,40.0,0.0,9.0,8.0,0.0,0.0,0.0,2.92,1.0
1651,3.0,342.0,272.0,272.0,0.0,67.0,70.0,0.0,0.0,0.0,2.88,1.0
1652,1.0,46.0,43.0,29.0,14.0,19.0,3.0,4.0,4.0,3.0,2.83,0.674
1653,5.0,615.0,506.0,412.0,94.0,199.0,109.0,29.0,20.0,3.0,2.8,0.814
1654,2.0,196.0,160.0,160.0,0.0,40.0,36.0,0.0,0.0,0.0,2.52,1.0
1655,4.0,184.0,150.0,150.0,0.0,34.0,34.0,0.0,0.0,0.0,2.58,1.0
1656,5.0,205.0,163.0,163.0,0.0,40.0,42.0,0.0,0.0,0.0,2.5,1.0
1657,5.0,400.0,325.0,157.0,168.0,75.0,75.0,68.0,50.0,5.0,2.78,0.483
1658,2.0,124.0,96.0,96.0,0.0,20.0,28.0,0.0,0.0,0.0,3.42,1.0
1659,5.0,400.0,341.0,269.0,72.0,134.0,59.0,22.0,14.0,2.0,2.87,0.789
1660,5.0,280.0,230.0,179.0,51.0,83.0,50.0,13.0,19.0,3.0,2.75,0.778
1661,1.0,46.0,32.0,32.0,0.0,9.0,14.0,0.0,0.0,0.0,2.4,1.0
1662,5.0,735.0,588.0,588.0,0.0,151.0,147.0,0.0,0.0,0.0,2.83,1.0
1663,3.0,459.0,386.0,319.0,67.0,150.0,73.0,24.0,18.0,3.0,2.66,0.826
1664,1.0,34.0,27.0,21.0,6.0,12.0,7.0,2.0,1.0,1.0,2.39,0.778
1665,5.0,285.0,236.0,188.0,48.0,101.0,49.0,16.0,10.0,2.0,2.68,0.797
1666,2.0,148.0,125.0,100.0,25.0,48.0,23.0,10.0,4.0,2.0,2.88,0.8
1667,1.0,41.0,29.0,29.0,0.0,3.0,12.0,0.0,0.0,0.0,2.71,1.0
1668,5.0,645.0,508.0,508.0,0.0,127.0,137.0,0.0,0.0,0.0,2.83,1.0
1669,2.0,66.0,55.0,55.0,0.0,12.0,11.0,0.0,0.0,0.0,3.0,1.0
1670,2.0,66.0,55.0,55.0,0.0,15.0,11.0,0.0,0.0,0.0,3.09,1.0
1671,3.0,324.0,272.0,216.0,56.0,111.0,52.0,16.0,15.0,3.0,2.92,0.794
1672,2.0,106.0,81.0,68.0,13.0,36.0,25.0,3.0,4.0,1.0,2.94,0.84
1673,5.0,370.0,296.0,296.0,0.0,66.0,74.0,0.0,0.0,0.0,2.59,1.0
1674,1.0,60.0,52.0,41.0,11.0,19.0,8.0,4.0,2.0,3.0,2.22,0.788
1675,5.0,430.0,339.0,339.0,0.0,92.0,91.0,0.0,0.0,0.0,2.56,1.0
1676,2.0,164.0,121.0,121.0,0.0,29.0,43.0,0.0,0.0,0.0,2.55,1.0
1677,3.0,165.0,137.0,64.0,73.0,35.0,28.0,29.0,20.0,7.0,2.62,0.467
1678,1.0,58.0,44.0,20.0,24.0,9.0,14.0,9.0,7.0,4.0,2.42,0.455
1679,3.0,468.0,388.0,305.0,83.0,154.0,80.0,38.0,19.0,3.0,2.78,0.786
1680,5.0,780.0,630.0,630.0,0.0,170.0,150.0,0.0,0.0,0.0,2.84,1.0
1681,4.0,504.0,392.0,203.0,189.0,113.0,112.0,58.0,56.0,7.0,2.71,0.518
1682,5.0,560.0,453.0,229.0,224.0,112.0,107.0,73.0,67.0,8.0,2.74,0.506
1683,4.0,228.0,184.0,142.0,42.0,76.0,44.0,7.0,11.0,2.0,2.63,0.772
1684,5.0,230.0,181.0,92.0,89.0,47.0,49.0,26.0,26.0,8.0,2.67,0.508
1685,5.0,520.0,428.0,340.0,88.0,178.0,92.0,26.0,27.0,3.0,2.74,0.794
1686,4.0,424.0,360.0,294.0,66.0,147.0,64.0,24.0,13.0,3.0,2.51,0.817
1687,4.0,480.0,399.0,311.0,88.0,159.0,81.0,30.0,19.0,4.0,2.63,0.779
1688,1.0,35.0,31.0,31.0,0.0,10.0,4.0,0.0,0.0,0.0,2.15,1.0
1689,5.0,490.0,396.0,396.0,0.0,91.0,94.0,0.0,0.0,0.0,2.66,1.0
1690,5.0,205.0,169.0,133.0,36.0,77.0,36.0,9.0,17.0,5.0,2.91,0.787
1691,2.0,74.0,60.0,60.0,0.0,11.0,14.0,0.0,0.0,0.0,2.39,1.0
1692,1.0,38.0,29.0,29.0,0.0,7.0,9.0,0.0,0.0,0.0,3.55,1.0
1693,2.0,106.0,73.0,73.0,0.0,15.0,33.0,0.0,0.0,0.0,1.93,1.0
1694,5.0,720.0,574.0,288.0,286.0,162.0,146.0,105.0,65.0,6.0,2.82,0.502
1695,2.0,208.0,157.0,157.0,0.0,30.0,51.0,0.0,0.0,0.0,2.74,1.0
1696,1.0,35.0,27.0,21.0,6.0,13.0,8.0,1.0,3.0,2.0,2.44,0.778
1697,3.0,150.0,113.0,51.0,62.0,19.0,37.0,24.0,18.0,5.0,2.92,0.451
1698,4.0,368.0,327.0,261.0,66.0,130.0,41.0,15.0,22.0,3.0,2.71,0.798
1699,3.0,270.0,221.0,113.0,108.0,58.0,49.0,36.0,28.0,6.0,2.55,0.511
1700,4.0,188.0,150.0,150.0,0.0,39.0,38.0,0.0,0.0,0.0,2.71,1.0
1701,5.0,300.0,233.0,233.0,0.0,59.0,67.0,0.0,0.0,0.0,2.68,1.0
1702,3.0,360.0,305.0,250.0,55.0,114.0,55.0,14.0,19.0,4.0,2.7,0.82
1703,4.0,152.0,116.0,116.0,0.0,19.0,36.0,0.0,0.0,0.0,3.07,1.0
1704,4.0,360.0,300.0,234.0,66.0,114.0,60.0,25.0,14.0,3.0,2.63,0.78
1705,4.0,588.0,485.0,389.0,96.0,182.0,103.0,32.0,28.0,3.0,2.65,0.802
1706,4.0,564.0,451.0,451.0,0.0,122.0,113.0,0.0,0.0,0.0,2.56,1.0
1707,4.0,184.0,139.0,70.0,69.0,37.0,45.0,15.0,13.0,6.0,2.78,0.504
1708,2.0,112.0,91.0,46.0,45.0,25.0,21.0,19.0,14.0,4.0,2.47,0.505
1709,3.0,540.0,439.0,348.0,91.0,170.0,101.0,29.0,21.0,3.0,2.7,0.793
1710,5.0,720.0,578.0,578.0,0.0,160.0,142.0,0.0,0.0,0.0,2.73,1.0
1711,1.0,53.0,40.0,19.0,21.0,9.0,13.0,6.0,5.0,4.0,2.59,0.475
1712,5.0,615.0,494.0,494.0,0.0,138.0,121.0,0.0,0.0,0.0,2.82,1.0
1713,1.0,52.0,44.0,35.0,9.0,17.0,8.0,3.0,3.0,2.0,2.18,0.795
1714,1.0,36.0,28.0,13.0,15.0,7.0,8.0,6.0,5.0,3.0,3.05,0.464
1715,5.0,705.0,593.0,473.0,120.0,234.0,112.0,37.0,30.0,3.0,2.54,0.798
1716,5.0,410.0,327.0,166.0,161.0,81.0,83.0,53.0,42.0,9.0,2.82,0.508
1717,3.0,228.0,202.0,160.0,42.0,91.0,26.0,11.0,12.0,4.0,2.83,0.792
1718,1.0,40.0,31.0,26.0,5.0,11.0,9.0,3.0,0.0,2.0,3.29,0.839
1719,5.0,185.0,145.0,145.0,0.0,37.0,40.0,0.0,0.0,0.0,3.06,1.0
1720,5.0,530.0,426.0,426.0,0.0,115.0,104.0,0.0,0.0,0.0,2.81,1.0
1721,1.0,42.0,32.0,32.0,0.0,12.0,10.0,0.0,0.0,0.0,1.77,1.0
1722,5.0,720.0,573.0,573.0,0.0,144.0,147.0,0.0,0.0,0.0,2.75,1.0
1723,2.0,196.0,144.0,144.0,0.0,42.0,52.0,0.0,0.0,0.0,2.7,1.0
1724,4.0,304.0,243.0,243.0,0.0,61.0,61.0,0.0,0.0,0.0,2.61,1.0
1725,3.0,105.0,89.0,68.0,21.0,29.0,16.0,10.0,7.0,4.0,2.77,0.764
1726,5.0,540.0,431.0,431.0,0.0,101.0,109.0,0.0,0.0,0.0,2.95,1.0
1727,1.0,53.0,44.0,44.0,0.0,14.0,9.0,0.0,0.0,0.0,2.41,1.0
1728,3.0,144.0,120.0,120.0,0.0,26.0,24.0,0.0,0.0,0.0,2.62,1.0
1729,4.0,504.0,394.0,394.0,0.0,91.0,110.0,0.0,0.0,0.0,3.11,1.0
1730,1.0,33.0,28.0,14.0,14.0,8.0,5.0,5.0,3.0,5.0,2.64,0.5
1731,4.0,384.0,305.0,148.0,157.0,74.0,79.0,52.0,36.0,5.0,2.58,0.485
1732,2.0,176.0,138.0,138.0,0.0,37.0,38.0,0.0,0.0,0.0,2.61,1.0
1733,1.0,47.0,38.0,18.0,20.0,9.0,9.0,2.0,7.0,8.0,2.26,0.474
1734,4.0,176.0,144.0,104.0,40.0,47.0,32.0,11.0,6.0,4.0,2.9,0.722
1735,2.0,74.0,65.0,65.0,0.0,11.0,9.0,0.0,0.0,0.0,2.31,1.0
1736,4.0,172.0,135.0,135.0,0.0,44.0,37.0,0.0,0.0,0.0,2.86,1.0
1737,2.0,88.0,70.0,70.0,0.0,21.0,18.0,0.0,0.0,0.0,2.87,1.0
1738,4.0,504.0,414.0,414.0,0.0,101.0,90.0,0.0,0.0,0.0,2.84,1.0
1739,3.0,282.0,222.0,222.0,0.0,57.0,60.0,0.0,0.0,0.0,2.95,1.0
1740,4.0,208.0,168.0,168.0,0.0,39.0,40.0,0.0,0.0,0.0,2.76,1.0
1741,5.0,500.0,404.0,404.0,0.0,93.0,96.0,0.0,0.0,0.0,2.75,1.0
1742,5.0,500.0,397.0,397.0,0.0,113.0,103.0,0.0,0.0,0.0,2.85,1.0
1743,1.0,36.0,26.0,20.0,6.0,12.0,10.0,2.0,2.0,1.0,2.56,0.769
1744,1.0,44.0,32.0,28.0,4.0,15.0,12.0,1.0,0.0,1.0,3.43,0.875
1745,1.0,59.0,47.0,39.0,8.0,19.0,12.0,3.0,1.0,2.0,2.26,0.83
1746,5.0,490.0,412.0,319.0,93.0,155.0,78.0,40.0,24.0,4.0,2.61,0.774
1747,4.0,684.0,544.0,544.0,0.0,139.0,140.0,0.0,0.0,0.0,2.77,1.0
1748,5.0,600.0,467.0,467.0,0.0,115.0,133.0,0.0,0.0,0.0,2.68,1.0
1749,1.0,34.0,30.0,30.0,0.0,8.0,4.0,0.0,0.0,0.0,2.49,1.0
1750,5.0,370.0,296.0,296.0,0.0,75.0,74.0,0.0,0.0,0.0,2.67,1.0
1751,4.0,636.0,523.0,257.0,266.0,126.0,113.0,101.0,65.0,6.0,2.66,0.491
1752,5.0,300.0,259.0,202.0,57.0,97.0,41.0,20.0,11.0,2.0,2.63,0.78
1753,1.0,47.0,34.0,14.0,20.0,8.0,13.0,12.0,3.0,2.0,3.02,0.412
1754,2.0,98.0,79.0,79.0,0.0,13.0,19.0,0.0,0.0,0.0,2.63,1.0
1755,3.0,330.0,275.0,214.0,61.0,107.0,55.0,27.0,18.0,3.0,2.81,0.778
1756,1.0,36.0,26.0,22.0,4.0,11.0,10.0,2.0,1.0,2.0,3.51,0.846
1757,5.0,260.0,212.0,175.0,37.0,92.0,48.0,8.0,8.0,3.0,2.62,0.825
1758,5.0,230.0,184.0,98.0,86.0,51.0,46.0,30.0,20.0,8.0,2.73,0.533
1759,3.0,423.0,339.0,339.0,0.0,91.0,84.0,0.0,0.0,0.0,2.75,1.0
1760,5.0,155.0,128.0,96.0,32.0,55.0,27.0,8.0,12.0,3.0,2.92,0.75
1761,3.0,324.0,279.0,222.0,57.0,105.0,45.0,20.0,15.0,4.0,2.57,0.796
1762,1.0,39.0,34.0,11.0,23.0,5.0,5.0,8.0,6.0,5.0,2.16,0.324
1763,1.0,41.0,31.0,31.0,0.0,5.0,10.0,0.0,0.0,0.0,1.9,1.0
1764,4.0,368.0,285.0,156.0,129.0,79.0,83.0,43.0,34.0,5.0,2.74,0.547
1765,1.0,60.0,49.0,44.0,5.0,23.0,11.0,2.0,1.0,1.0,2.55,0.898
1766,4.0,232.0,197.0,160.0,37.0,81.0,35.0,6.0,12.0,3.0,2.59,0.812
1767,4.0,168.0,146.0,111.0,35.0,53.0,22.0,13.0,8.0,3.0,3.07,0.76
1768,5.0,225.0,180.0,148.0,32.0,81.0,45.0,11.0,8.0,3.0,2.78,0.822
1769,4.0,376.0,308.0,247.0,61.0,127.0,68.0,23.0,9.0,3.0,2.8,0.802
1770,4.0,240.0,192.0,192.0,0.0,49.0,48.0,0.0,0.0,0.0,2.56,1.0
1771,3.0,513.0,407.0,407.0,0.0,101.0,106.0,0.0,0.0,0.0,2.66,1.0
1772,4.0,420.0,338.0,338.0,0.0,76.0,82.0,0.0,0.0,0.0,2.5,1.0
1773,5.0,550.0,445.0,351.0,94.0,168.0,105.0,34.0,24.0,3.0,2.55,0.789
1774,1.0,40.0,38.0,30.0,8.0,14.0,2.0,3.0,1.0,2.0,2.82,0.789
1775,3.0,405.0,362.0,291.0,71.0,147.0,43.0,30.0,17.0,3.0,2.57,0.804
1776,5.0,690.0,556.0,556.0,0.0,117.0,134.0,0.0,0.0,0.0,2.77,1.0
1777,4.0,660.0,507.0,255.0,252.0,128.0,153.0,85.0,63.0,7.0,2.73,0.503
1778,4.0,396.0,311.0,138.0,173.0,64.0,85.0,52.0,43.0,8.0,2.74,0.444
1779,4.0,456.0,369.0,186.0,183.0,92.0,87.0,68.0,49.0,5.0,2.78,0.504
1780,3.0,96.0,81.0,81.0,0.0,20.0,15.0,0.0,0.0,0.0,3.38,1.0
1781,1.0,57.0,46.0,46.0,0.0,10.0,11.0,0.0,0.0,0.0,2.86,1.0
1782,4.0,660.0,516.0,516.0,0.0,124.0,144.0,0.0,0.0,0.0,2.64,1.0
1783,5.0,885.0,712.0,712.0,0.0,152.0,173.0,0.0,0.0,0.0,2.73,1.0
1784,2.0,208.0,167.0,167.0,0.0,45.0,41.0,0.0,0.0,0.0,2.76,1.0
1785,3.0,459.0,352.0,352.0,0.0,84.0,107.0,0.0,0.0,0.0,2.96,1.0
1786,3.0,531.0,423.0,220.0,203.0,111.0,108.0,74.0,62.0,6.0,2.67,0.52
1787,3.0,123.0,96.0,96.0,0.0,27.0,27.0,0.0,0.0,0.0,3.06,1.0
1788,5.0,590.0,463.0,463.0,0.0,135.0,127.0,0.0,0.0,0.0,2.64,1.0
1789,3.0,90.0,68.0,68.0,0.0,16.0,22.0,0.0,0.0,0.0,3.21,1.0
1790,2.0,152.0,130.0,109.0,21.0,67.0,22.0,9.0,4.0,2.0,2.86,0.838
1791,5.0,150.0,117.0,117.0,0.0,27.0,33.0,0.0,0.0,0.0,2.75,1.0
1792,4.0,192.0,153.0,85.0,68.0,45.0,39.0,28.0,14.0,4.0,2.82,0.556
1793,5.0,170.0,136.0,62.0,74.0,30.0,34.0,23.0,17.0,5.0,2.64,0.456
1794,1.0,31.0,24.0,24.0,0.0,4.0,7.0,0.0,0.0,0.0,2.88,1.0
1795,1.0,59.0,49.0,49.0,0.0,18.0,10.0,0.0,0.0,0.0,2.68,1.0
1796,2.0,144.0,124.0,124.0,0.0,30.0,20.0,0.0,0.0,0.0,2.98,1.0
1797,5.0,245.0,204.0,166.0,38.0,72.0,41.0,14.0,10.0,3.0,3.08,0.814
1798,4.0,152.0,123.0,73.0,50.0,41.0,29.0,14.0,13.0,4.0,2.79,0.593
1799,4.0,180.0,151.0,151.0,0.0,42.0,29.0,0.0,0.0,0.0,2.57,1.0
1800,5.0,320.0,263.0,263.0,0.0,64.0,57.0,0.0,0.0,0.0,2.85,1.0
1801,3.0,342.0,293.0,236.0,57.0,109.0,49.0,20.0,15.0,3.0,2.66,0.805
1802,4.0,296.0,248.0,209.0,39.0,102.0,48.0,13.0,10.0,3.0,2.66,0.843
1803,2.0,80.0,69.0,55.0,14.0,29.0,11.0,5.0,4.0,1.0,2.37,0.797
1804,2.0,100.0,83.0,68.0,15.0,31.0,17.0,6.0,3.0,2.0,2.39,0.819
1805,4.0,456.0,358.0,358.0,0.0,92.0,98.0,0.0,0.0,0.0,2.64,1.0
1806,5.0,510.0,420.0,327.0,93.0,159.0,90.0,33.0,22.0,3.0,2.77,0.779
1807,3.0,333.0,274.0,274.0,0.0,66.0,59.0,0.0,0.0,0.0,2.52,1.0
1808,2.0,108.0,87.0,41.0,46.0,20.0,21.0,22.0,14.0,5.0,2.85,0.471
1809,3.0,468.0,391.0,311.0,80.0,168.0,77.0,22.0,23.0,3.0,2.8,0.795
1810,3.0,306.0,243.0,243.0,0.0,59.0,63.0,0.0,0.0,0.0,2.66,1.0
1811,1.0,42.0,30.0,25.0,5.0,13.0,12.0,1.0,0.0,2.0,2.94,0.833
1812,1.0,48.0,39.0,39.0,0.0,10.0,9.0,0.0,0.0,0.0,3.38,1.0
1813,4.0,624.0,492.0,492.0,0.0,119.0,132.0,0.0,0.0,0.0,2.61,1.0
1814,3.0,468.0,384.0,297.0,87.0,154.0,84.0,30.0,23.0,4.0,2.85,0.773
1815,4.0,320.0,272.0,272.0,0.0,64.0,48.0,0.0,0.0,0.0,2.68,1.0
1816,3.0,441.0,347.0,347.0,0.0,72.0,94.0,0.0,0.0,0.0,2.67,1.0
1817,4.0,408.0,345.0,285.0,60.0,125.0,63.0,19.0,12.0,3.0,2.69,0.826
1818,1.0,43.0,35.0,35.0,0.0,5.0,8.0,0.0,0.0,0.0,2.49,1.0
1819,4.0,624.0,518.0,518.0,0.0,140.0,106.0,0.0,0.0,0.0,2.86,1.0
1820,1.0,34.0,26.0,26.0,0.0,5.0,8.0,0.0,0.0,0.0,3.22,1.0
1821,2.0,92.0,60.0,60.0,0.0,12.0,32.0,0.0,0.0,0.0,2.57,1.0
1822,2.0,98.0,76.0,46.0,30.0,20.0,22.0,7.0,9.0,2.0,2.41,0.605
1823,1.0,50.0,41.0,41.0,0.0,11.0,9.0,0.0,0.0,0.0,3.58,1.0
1824,3.0,144.0,119.0,57.0,62.0,28.0,25.0,25.0,18.0,5.0,2.98,0.479
1825,5.0,540.0,433.0,359.0,74.0,167.0,107.0,21.0,19.0,3.0,2.78,0.829
1826,3.0,177.0,138.0,110.0,28.0,54.0,39.0,13.0,9.0,3.0,2.87,0.797
1827,4.0,360.0,299.0,236.0,63.0,126.0,61.0,23.0,18.0,3.0,2.64,0.789
1828,3.0,174.0,133.0,133.0,0.0,35.0,41.0,0.0,0.0,0.0,2.6,1.0
1829,2.0,196.0,153.0,153.0,0.0,39.0,43.0,0.0,0.0,0.0,2.77,1.0
1830,2.0,60.0,39.0,39.0,0.0,11.0,21.0,0.0,0.0,0.0,3.46,1.0
1831,2.0,114.0,88.0,46.0,42.0,31.0,26.0,12.0,11.0,4.0,2.61,0.523
1832,3.0,180.0,139.0,67.0,72.0,29.0,41.0,23.0,18.0,4.0,2.68,0.482
1833,3.0,369.0,299.0,299.0,0.0,73.0,70.0,0.0,0.0,0.0,2.62,1.0
1834,1.0,50.0,42.0,32.0,10.0,13.0,8.0,3.0,2.0,3.0,3.62,0.762
1835,5.0,450.0,367.0,289.0,78.0,144.0,83.0,24.0,20.0,3.0,2.78,0.787
1836,3.0,468.0,375.0,185.0,190.0,92.0,93.0,61.0,45.0,5.0,2.83,0.493
1837,2.0,212.0,177.0,177.0,0.0,45.0,35.0,0.0,0.0,0.0,2.93,1.0
1838,1.0,32.0,27.0,27.0,0.0,7.0,5.0,0.0,0.0,0.0,2.29,1.0
1839,1.0,52.0,34.0,34.0,0.0,12.0,18.0,0.0,0.0,0.0,3.21,1.0
1840,2.0,228.0,184.0,92.0,92.0,49.0,44.0,32.0,26.0,6.0,2.71,0.5
1841,5.0,270.0,230.0,180.0,50.0,90.0,40.0,18.0,17.0,3.0,2.91,0.783
1842,4.0,420.0,351.0,292.0,59.0,140.0,69.0,25.0,19.0,3.0,2.84,0.832
1843,5.0,350.0,281.0,281.0,0.0,76.0,69.0,0.0,0.0,0.0,2.55,1.0
1844,4.0,344.0,293.0,237.0,56.0,142.0,51.0,22.0,21.0,3.0,2.76,0.809
1845,4.0,136.0,116.0,91.0,25.0,44.0,20.0,13.0,5.0,3.0,3.15,0.784
1846,3.0,279.0,226.0,183.0,43.0,82.0,53.0,14.0,15.0,2.0,2.7,0.81
1847,5.0,555.0,464.0,464.0,0.0,115.0,91.0,0.0,0.0,0.0,2.78,1.0
1848,5.0,225.0,175.0,175.0,0.0,58.0,50.0,0.0,0.0,0.0,2.93,1.0
1849,3.0,111.0,97.0,97.0,0.0,22.0,14.0,0.0,0.0,0.0,2.44,1.0
1850,2.0,116.0,95.0,79.0,16.0,42.0,21.0,3.0,5.0,2.0,2.38,0.832
1851,5.0,630.0,518.0,421.0,97.0,224.0,112.0,34.0,32.0,3.0,2.77,0.813
1852,4.0,280.0,231.0,231.0,0.0,56.0,49.0,0.0,0.0,0.0,2.55,1.0
1853,3.0,102.0,88.0,88.0,0.0,17.0,14.0,0.0,0.0,0.0,2.73,1.0
1854,1.0,46.0,38.0,38.0,0.0,13.0,8.0,0.0,0.0,0.0,2.72,1.0
1855,4.0,236.0,213.0,177.0,36.0,79.0,23.0,14.0,14.0,3.0,2.89,0.831
1856,5.0,370.0,298.0,298.0,0.0,76.0,72.0,0.0,0.0,0.0,2.85,1.0
1857,1.0,53.0,42.0,42.0,0.0,10.0,11.0,0.0,0.0,0.0,1.85,1.0
1858,5.0,720.0,565.0,303.0,262.0,152.0,155.0,82.0,65.0,7.0,2.69,0.536
1859,3.0,450.0,359.0,178.0,181.0,95.0,91.0,63.0,40.0,5.0,2.84,0.496
1860,1.0,32.0,26.0,12.0,14.0,7.0,6.0,5.0,5.0,3.0,2.25,0.462
1861,3.0,330.0,286.0,219.0,67.0,108.0,44.0,21.0,22.0,3.0,2.77,0.766
1862,2.0,120.0,99.0,84.0,15.0,30.0,21.0,7.0,4.0,2.0,2.6,0.848
1863,4.0,376.0,302.0,302.0,0.0,69.0,74.0,0.0,0.0,0.0,2.94,1.0
1864,5.0,465.0,381.0,381.0,0.0,88.0,84.0,0.0,0.0,0.0,2.88,1.0
1865,3.0,156.0,116.0,116.0,0.0,29.0,40.0,0.0,0.0,0.0,2.93,1.0
1866,3.0,180.0,145.0,71.0,74.0,34.0,35.0,23.0,17.0,6.0,2.76,0.49
1867,4.0,232.0,193.0,160.0,33.0,73.0,39.0,11.0,11.0,2.0,2.7,0.829
1868,1.0,37.0,28.0,28.0,0.0,8.0,9.0,0.0,0.0,0.0,1.98,1.0
1869,3.0,288.0,230.0,230.0,0.0,57.0,58.0,0.0,0.0,0.0,2.88,1.0
1870,1.0,33.0,28.0,19.0,9.0,10.0,5.0,5.0,1.0,2.0,3.05,0.679
1871,2.0,64.0,52.0,23.0,29.0,11.0,12.0,10.0,10.0,4.0,2.42,0.442
1872,4.0,120.0,99.0,99.0,0.0,25.0,21.0,0.0,0.0,0.0,3.23,1.0
1873,2.0,120.0,92.0,92.0,0.0,22.0,28.0,0.0,0.0,0.0,2.99,1.0
1874,3.0,276.0,223.0,179.0,44.0,90.0,53.0,9.0,12.0,3.0,2.59,0.803
1875,5.0,210.0,162.0,67.0,95.0,39.0,48.0,30.0,25.0,6.0,2.64,0.414
1876,3.0,513.0,432.0,338.0,94.0,173.0,81.0,33.0,30.0,3.0,2.57,0.782
1877,1.0,31.0,23.0,23.0,0.0,7.0,8.0,0.0,0.0,0.0,1.71,1.0
1878,5.0,855.0,691.0,691.0,0.0,167.0,164.0,0.0,0.0,0.0,2.85,1.0
1879,5.0,510.0,433.0,342.0,91.0,183.0,77.0,33.0,26.0,3.0,2.81,0.79
1880,3.0,96.0,79.0,79.0,0.0,19.0,17.0,0.0,0.0,0.0,3.01,1.0
1881,2.0,96.0,73.0,73.0,0.0,16.0,23.0,0.0,0.0,0.0,2.31,1.0
1882,1.0,56.0,49.0,42.0,7.0,16.0,7.0,4.0,2.0,3.0,2.95,0.857
1883,2.0,228.0,187.0,147.0,40.0,77.0,41.0,12.0,17.0,2.0,2.76,0.786
1884,3.0,378.0,292.0,292.0,0.0,77.0,86.0,0.0,0.0,0.0,2.57,1.0
1885,3.0,441.0,363.0,363.0,0.0,91.0,78.0,0.0,0.0,0.0,2.88,1.0
1886,3.0,360.0,302.0,302.0,0.0,70.0,58.0,0.0,0.0,0.0,2.83,1.0
1887,1.0,35.0,27.0,27.0,0.0,5.0,8.0,0.0,0.0,0.0,3.76,1.0
1888,4.0,384.0,317.0,262.0,55.0,138.0,67.0,18.0,14.0,2.0,2.8,0.826
1889,2.0,80.0,62.0,62.0,0.0,20.0,18.0,0.0,0.0,0.0,3.23,1.0
1890,2.0,160.0,137.0,137.0,0.0,34.0,23.0,0.0,0.0,0.0,2.84,1.0
1891,4.0,372.0,302.0,148.0,154.0,76.0,70.0,46.0,37.0,7.0,2.39,0.49
1892,1.0,56.0,47.0,33.0,14.0,19.0,9.0,3.0,3.0,2.0,3.33,0.702
1893,5.0,275.0,234.0,192.0,42.0,113.0,41.0,14.0,14.0,3.0,2.54,0.821
1894,2.0,152.0,125.0,97.0,28.0,49.0,27.0,9.0,9.0,3.0,2.82,0.776
1895,2.0,232.0,189.0,87.0,102.0,38.0,43.0,34.0,24.0,5.0,2.38,0.46
1896,4.0,684.0,536.0,536.0,0.0,136.0,148.0,0.0,0.0,0.0,2.76,1.0
1897,5.0,510.0,432.0,345.0,87.0,185.0,78.0,30.0,24.0,3.0,2.74,0.799
1898,5.0,615.0,501.0,403.0,98.0,210.0,114.0,33.0,28.0,3.0,2.86,0.804
1899,4.0,124.0,103.0,95.0,8.0,46.0,21.0,6.0,3.0,1.0,3.12,0.922
1900,3.0,99.0,81.0,81.0,0.0,22.0,18.0,0.0,0.0,0.0,2.94,1.0
1901,1.0,30.0,24.0,20.0,4.0,10.0,6.0,1.0,1.0,2.0,3.01,0.833
1902,2.0,120.0,102.0,84.0,18.0,47.0,18.0,5.0,8.0,2.0,2.46,0.824
1903,2.0,156.0,130.0,130.0,0.0,28.0,26.0,0.0,0.0,0.0,2.72,1.0
1904,5.0,240.0,202.0,202.0,0.0,40.0,38.0,0.0,0.0,0.0,3.32,1.0
1905,3.0,228.0,176.0,90.0,86.0,48.0,52.0,24.0,22.0,5.0,2.73,0.511
1906,2.0,228.0,184.0,94.0,90.0,48.0,44.0,33.0,27.0,6.0,2.76,0.511
1907,3.0,333.0,265.0,205.0,60.0,87.0,68.0,28.0,14.0,4.0,2.75,0.774
1908,2.0,200.0,157.0,157.0,0.0,45.0,43.0,0.0,0.0,0.0,2.71,1.0
1909,1.0,30.0,22.0,9.0,13.0,4.0,8.0,4.0,4.0,4.0,4.08,0.409
1910,1.0,54.0,43.0,43.0,0.0,8.0,11.0,0.0,0.0,0.0,1.91,1.0
1911,2.0,184.0,145.0,78.0,67.0,32.0,39.0,24.0,17.0,4.0,3.18,0.538
1912,4.0,184.0,158.0,158.0,0.0,39.0,26.0,0.0,0.0,0.0,2.67,1.0
1913,1.0,55.0,48.0,27.0,21.0,13.0,7.0,7.0,4.0,4.0,3.03,0.562
1914,3.0,156.0,132.0,132.0,0.0,38.0,24.0,0.0,0.0,0.0,2.61,1.0
1915,5.0,195.0,152.0,152.0,0.0,41.0,43.0,0.0,0.0,0.0,2.5,1.0
1916,5.0,780.0,628.0,310.0,318.0,161.0,152.0,103.0,78.0,6.0,2.89,0.494
1917,3.0,138.0,115.0,115.0,0.0,26.0,23.0,0.0,0.0,0.0,2.34,1.0
1918,1.0,58.0,48.0,48.0,0.0,19.0,10.0,0.0,0.0,0.0,2.65,1.0
1919,4.0,456.0,368.0,368.0,0.0,101.0,88.0,0.0,0.0,0.0,2.77,1.0
1920,4.0,612.0,496.0,496.0,0.0,117.0,116.0,0.0,0.0,0.0,2.6,1.0
1921,2.0,120.0,98.0,85.0,13.0,42.0,22.0,4.0,5.0,2.0,2.76,0.867
1922,3.0,180.0,146.0,117.0,29.0,70.0,34.0,6.0,7.0,3.0,2.81,0.801
1923,2.0,152.0,119.0,119.0,0.0,31.0,33.0,0.0,0.0,0.0,3.08,1.0
1924,1.0,53.0,43.0,43.0,0.0,16.0,10.0,0.0,0.0,0.0,2.51,1.0
1925,1.0,59.0,49.0,49.0,0.0,12.0,10.0,0.0,0.0,0.0,2.36,1.0
1926,1.0,59.0,53.0,53.0,0.0,12.0,6.0,0.0,0.0,0.0,3.41,1.0
1927,3.0,270.0,220.0,109.0,111.0,41.0,50.0,44.0,32.0,5.0,3.06,0.495
1928,4.0,224.0,182.0,182.0,0.0,56.0,42.0,0.0,0.0,0.0,2.58,1.0
1929,5.0,735.0,571.0,571.0,0.0,152.0,164.0,0.0,0.0,0.0,2.75,1.0
1930,2.0,92.0,77.0,67.0,10.0,33.0,15.0,2.0,2.0,2.0,2.65,0.87
1931,5.0,550.0,437.0,437.0,0.0,104.0,113.0,0.0,0.0,0.0,2.79,1.0
1932,4.0,220.0,176.0,149.0,27.0,71.0,44.0,9.0,5.0,2.0,2.85,0.847
1933,2.0,204.0,167.0,85.0,82.0,40.0,37.0,23.0,24.0,4.0,2.56,0.509
1934,4.0,172.0,142.0,142.0,0.0,26.0,30.0,0.0,0.0,0.0,2.4,1.0
1935,1.0,48.0,44.0,35.0,9.0,19.0,4.0,2.0,3.0,2.0,2.72,0.795
1936,4.0,492.0,382.0,184.0,198.0,100.0,110.0,72.0,56.0,5.0,2.93,0.482
1937,3.0,198.0,155.0,155.0,0.0,43.0,43.0,0.0,0.0,0.0,2.7,1.0
1938,1.0,53.0,43.0,33.0,10.0,19.0,10.0,6.0,4.0,1.0,2.55,0.767
1939,5.0,185.0,152.0,152.0,0.0,40.0,33.0,0.0,0.0,0.0,2.83,1.0
1940,2.0,88.0,66.0,28.0,38.0,17.0,22.0,12.0,12.0,7.0,2.66,0.424
1941,5.0,285.0,228.0,192.0,36.0,96.0,57.0,15.0,9.0,3.0,2.71,0.842
1942,4.0,236.0,195.0,157.0,38.0,89.0,41.0,11.0,8.0,2.0,2.77,0.805
1943,4.0,272.0,239.0,185.0,54.0,93.0,33.0,16.0,17.0,4.0,3.02,0.774
1944,4.0,720.0,604.0,477.0,127.0,220.0,116.0,47.0,40.0,3.0,2.86,0.79
1945,1.0,57.0,47.0,43.0,4.0,24.0,10.0,1.0,1.0,2.0,2.44,0.915
1946,4.0,336.0,284.0,145.0,139.0,69.0,52.0,45.0,43.0,5.0,2.62,0.511
1947,3.0,288.0,237.0,187.0,50.0,89.0,51.0,20.0,16.0,3.0,2.84,0.789
1948,1.0,39.0,30.0,16.0,14.0,12.0,9.0,6.0,2.0,3.0,3.29,0.533
1949,2.0,168.0,143.0,143.0,0.0,33.0,25.0,0.0,0.0,0.0,2.59,1.0
1950,3.0,288.0,232.0,232.0,0.0,59.0,56.0,0.0,0.0,0.0,2.56,1.0
1951,2.0,120.0,107.0,82.0,25.0,41.0,13.0,6.0,5.0,2.0,2.64,0.766
1952,2.0,156.0,131.0,110.0,21.0,52.0,25.0,4.0,5.0,2.0,2.5,0.84
1953,2.0,164.0,126.0,126.0,0.0,35.0,38.0,0.0,0.0,0.0,2.72,1.0
1954,1.0,30.0,22.0,16.0,6.0,7.0,8.0,1.0,3.0,2.0,3.35,0.727
1955,1.0,49.0,40.0,40.0,0.0,7.0,9.0,0.0,0.0,0.0,3.15,1.0
1956,2.0,116.0,92.0,36.0,56.0,21.0,24.0,14.0,15.0,6.0,2.74,0.391
1957,4.0,304.0,237.0,237.0,0.0,62.0,67.0,0.0,0.0,0.0,2.64,1.0
1958,4.0,128.0,105.0,47.0,58.0,18.0,23.0,18.0,12.0,6.0,2.9,0.448
1959,3.0,162.0,135.0,104.0,31.0,47.0,27.0,7.0,6.0,3.0,2.93,0.77
1960,5.0,265.0,211.0,211.0,0.0,55.0,54.0,0.0,0.0,0.0,2.78,1.0
1961,2.0,224.0,185.0,147.0,38.0,85.0,39.0,19.0,10.0,2.0,2.81,0.795
1962,4.0,672.0,530.0,530.0,0.0,140.0,142.0,0.0,0.0,0.0,2.7,1.0
1963,2.0,62.0,48.0,48.0,0.0,12.0,14.0,0.0,0.0,0.0,2.53,1.0
1964,1.0,53.0,46.0,37.0,9.0,13.0,7.0,5.0,1.0,2.0,2.35,0.804
1965,1.0,54.0,43.0,43.0,0.0,8.0,11.0,0.0,0.0,0.0,3.36,1.0
1966,1.0,35.0,27.0,27.0,0.0,5.0,8.0,0.0,0.0,0.0,1.7,1.0
1967,4.0,256.0,209.0,167.0,42.0,81.0,47.0,16.0,10.0,2.0,2.73,0.799
1968,2.0,68.0,59.0,59.0,0.0,11.0,9.0,0.0,0.0,0.0,2.87,1.0
1969,4.0,528.0,448.0,355.0,93.0,186.0,80.0,34.0,22.0,3.0,2.79,0.792
1970,2.0,212.0,172.0,128.0,44.0,59.0,40.0,15.0,16.0,2.0,2.8,0.744
1971,1.0,37.0,26.0,26.0,0.0,4.0,11.0,0.0,0.0,0.0,2.17,1.0
1972,2.0,232.0,200.0,160.0,40.0,73.0,32.0,14.0,9.0,3.0,2.94,0.8
1973,1.0,42.0,40.0,27.0,13.0,19.0,2.0,5.0,4.0,4.0,3.15,0.675
1974,5.0,885.0,713.0,329.0,384.0,153.0,172.0,117.0,93.0,12.0,2.64,0.461
1975,4.0,448.0,375.0,288.0,87.0,147.0,73.0,28.0,22.0,3.0,2.96,0.768
1976,5.0,195.0,160.0,160.0,0.0,41.0,35.0,0.0,0.0,0.0,2.46,1.0
1977,5.0,180.0,145.0,145.0,0.0,37.0,35.0,0.0,0.0,0.0,3.12,1.0
1978,1.0,49.0,39.0,26.0,13.0,15.0,10.0,7.0,5.0,2.0,3.04,0.667
1979,1.0,33.0,30.0,26.0,4.0,16.0,3.0,0.0,1.0,1.0,2.72,0.867
1980,3.0,540.0,435.0,211.0,224.0,100.0,105.0,73.0,52.0,6.0,2.85,0.485
1981,1.0,44.0,36.0,36.0,0.0,9.0,8.0,0.0,0.0,0.0,2.46,1.0
1982,4.0,516.0,419.0,419.0,0.0,114.0,97.0,0.0,0.0,0.0,2.86,1.0
1983,3.0,531.0,450.0,364.0,86.0,188.0,81.0,29.0,20.0,4.0,2.79,0.809
1984,4.0,444.0,356.0,189.0,167.0,98.0,88.0,51.0,41.0,6.0,2.61,0.531
1985,3.0,138.0,104.0,104.0,0.0,20.0,34.0,0.0,0.0,0.0,2.63,1.0
1986,2.0,104.0,81.0,81.0,0.0,16.0,23.0,0.0,0.0,0.0,2.77,1.0
1987,4.0,204.0,158.0,158.0,0.0,33.0,46.0,0.0,0.0,0.0,2.54,1.0
1988,5.0,160.0,138.0,113.0,25.0,57.0,22.0,10.0,10.0,3.0,2.76,0.819
1989,4.0,128.0,100.0,100.0,0.0,21.0,28.0,0.0,0.0,0.0,2.8,1.0
1990,1.0,31.0,25.0,12.0,13.0,7.0,6.0,6.0,4.0,3.0,3.36,0.48
1991,4.0,384.0,317.0,254.0,63.0,121.0,67.0,28.0,21.0,3.0,2.79,0.801
1992,3.0,159.0,131.0,102.0,29.0,48.0,28.0,14.0,12.0,3.0,2.62,0.779
1993,5.0,235.0,201.0,201.0,0.0,63.0,34.0,0.0,0.0,0.0,2.99,1.0
1994,1.0,31.0,25.0,10.0,15.0,3.0,6.0,7.0,5.0,3.0,2.59,0.4
1995,5.0,285.0,240.0,188.0,52.0,94.0,45.0,21.0,13.0,2.0,2.83,0.783
1996,5.0,810.0,636.0,324.0,312.0,151.0,174.0,104.0,87.0,6.0,2.88,0.509
1997,3.0,279.0,209.0,209.0,0.0,45.0,70.0,0.0,0.0,0.0,2.81,1.0
1998,2.0,100.0,83.0,63.0,20.0,28.0,17.0,10.0,3.0,4.0,2.76,0.759
1999,5.0,150.0,124.0,110.0,14.0,55.0,26.0,5.0,4.0,2.0,2.63,0.887
2000,2.0,208.0,176.0,142.0,34.0,71.0,32.0,11.0,10.0,3.0,2.51,0.807
